yt_url,check_date,is_posted_in_date_range
https://www.youtube.com/channel/UCnDbTbIiYgBg_MRUKbqI2Eg,16-05-2024,No short Videos
https://www.youtube.com/channel/UC73TQ6-uoMkmpdJuwE6A2CA,16-05-2024,No short Videos
https://www.youtube.com/channel/UCq-Jn9x0T5OHN64DTOP2nhA,16-05-2024,Banned
https://www.youtube.com/channel/UCbDeLCyqxaZnLZDYpd5rnrA,16-05-2024,No short Videos
https://www.youtube.com/channel/UCFiYDLewSP4KuvoidnFCW_w,16-05-2024,No short Videos
https://www.youtube.com/channel/UCxvh6KAKPSKQgsxaoudPYGw,16-05-2024,No short Videos
https://www.youtube.com/channel/UC81bxgGwnjeN7pLPJFci9uw,16-05-2024,No short Videos
https://www.youtube.com/channel/UC30AfS_Eb5l7r6CtUumdCsA,16-05-2024,No short Videos
https://www.youtube.com/channel/UCNVZL9S_9kBFmnOwhV3b7PA,16-05-2024,No short Videos
https://www.youtube.com/channel/UCtOxEE8N3ddKl8PEwoXkLoQ,16-05-2024,No short Videos
https://www.youtube.com/channel/UClmPQwIvIerP2GmKeJQ5_aw,16-05-2024,No short Videos
https://www.youtube.com/channel/UCbJAa5-CfBda1r_mlKjASuQ,16-05-2024,No short Videos
https://www.youtube.com/channel/UCOpWGjq4Yp7izNRfShkekjw,16-05-2024,No short Videos
https://www.youtube.com/channel/UCodq27VX7QqBCjBXENy8pVA,16-05-2024,No short Videos
https://www.youtube.com/channel/UCS5OzRgYPzc_bfveKFc4mNw,16-05-2024,No short Videos
https://www.youtube.com/channel/UCRMX7IWlG7Hqna2gDhGan_g,16-05-2024,No short Videos
https://www.youtube.com/channel/UCO4oU_K3CcNRFpwoi4MjN5A,16-05-2024,No short Videos
https://www.youtube.com/channel/UClwaYTScBFBfaDsU-4dcV9Q,16-05-2024,No short Videos
https://www.youtube.com/channel/UCeyfypWkfULu3BKLvRAUXsQ,16-05-2024,No short Videos
https://www.youtube.com/channel/UC9dXUDRtHtAulI8U0DdkMfw,16-05-2024,No short Videos
https://www.youtube.com/channel/UCUn_IPPXTCFZ8IfhVPVsxcA,16-05-2024,No short Videos
https://www.youtube.com/channel/UCg16fV-BKHHxnK_6eaDDtDw,16-05-2024,No short Videos
https://www.youtube.com/channel/UCD2YO_A_PVMgMDN9jpRrpVA,16-05-2024,No short Videos
https://www.youtube.com/channel/UC-QkvVA4uPl0ol0u1mrahjw,16-05-2024,No short Videos
https://www.youtube.com/channel/UCGcmtA7H1ILtrsFH_5E62cQ,16-05-2024,No short Videos
https://www.youtube.com/channel/UCdkrHEDb1xT3gts9lct12Ug,16-05-2024,No short Videos
https://www.youtube.com/channel/UCjrwkxVOpN133r1Yp07583Q,16-05-2024,No short Videos
https://www.youtube.com/channel/UCyUJvPTlR-pklwT0APpFIhA,16-05-2024,No short Videos
https://www.youtube.com/channel/UCfMin5288niLVeHMzaBRQNw,16-05-2024,No short Videos
https://www.youtube.com/channel/UC_m_uqd_9s0hZvlgfvCzqbQ,16-05-2024,No short Videos
https://www.youtube.com/channel/UCXbMoUZrHm_dcPCsZZZz4Zw,16-05-2024,No short Videos
https://www.youtube.com/channel/UCkGLGs2ZCNRSlOs9s-8S_qA,16-05-2024,No short Videos
https://www.youtube.com/channel/UCAyvCxdhYV-Zg7PSGZJoQ2A,16-05-2024,No short Videos
https://www.youtube.com/channel/UC3e5gXrcn53TYFr2Piu7CKQ,16-05-2024,No short Videos
https://www.youtube.com/channel/UCnViB_FH7xM7cn2bGW-H4XA,16-05-2024,No short Videos
https://www.youtube.com/channel/UC9X82U8Xglg8cziPWFWhFEA,16-05-2024,No short Videos
https://www.youtube.com/channel/UCZ9pEsDhW3x0c1NR6vM5eRw,16-05-2024,Banned
https://www.youtube.com/channel/UCrkHWAf_xR2S6YwSocU980g,16-05-2024,No short Videos
https://www.youtube.com/channel/UCqpFn_r0p9-T5BU6OfxnyaQ,16-05-2024,No short Videos
https://www.youtube.com/channel/UC7HZKEtot9TJD9eIax1TmgA,16-05-2024,No short Videos
https://www.youtube.com/channel/UCXaIZSV4vLnPkozCk-O7ktg,16-05-2024,No short Videos
https://www.youtube.com/channel/UCh6O-aBKR-99dg4rPy69CXg,16-05-2024,No short Videos
https://www.youtube.com/channel/UCvaQEhibxkeLiKt5GbySj6w,16-05-2024,No short Videos
https://www.youtube.com/channel/UCBA9XaL5wCdHnC5EmEzwrqw,16-05-2024,No short Videos
https://www.youtube.com/channel/UCc7eenRzcuNtJ2v4Ej9Ihfw,16-05-2024,No short Videos
https://www.youtube.com/channel/UCFfY9A0_VjbJk6_wG7FyJXA,16-05-2024,No short Videos
https://www.youtube.com/channel/UC_YRfM58EnNEzPhJZuvpK6g,16-05-2024,No short Videos
https://www.youtube.com/channel/UCHdDGlROrbk9saotVVgwpOA,16-05-2024,No short Videos
https://www.youtube.com/channel/UC3pkKn9MtoMts5aPAKy7LMA,16-05-2024,No short Videos
https://www.youtube.com/channel/UCbfRcXCHe5I2RI6F8XIUQng,16-05-2024,No short Videos
https://www.youtube.com/channel/UCHLvxZHx0QP2TnSu9s75Y-g,16-05-2024,No short Videos
https://www.youtube.com/channel/UC0a-XKZhVHvtuJVvaCJRnQA,16-05-2024,No short Videos
https://www.youtube.com/channel/UCoXshK0e0l0DaDf3KbUd1Fw,16-05-2024,No short Videos
https://www.youtube.com/channel/UCq_aA_s-zYVzDUzAjjve-sw,16-05-2024,Banned
https://www.youtube.com/channel/UCAShKCeL2ro9LFKpObqxL-Q,16-05-2024,No short Videos
https://www.youtube.com/channel/UC_Dc370lVDGuCY-FbvXe1qw,16-05-2024,No short Videos
https://www.youtube.com/channel/UCGVM98SQWdMMTBVOz2-2Tiw,16-05-2024,Banned
https://www.youtube.com/channel/UCVWROowwWiGeoPdc_X-CNPg,16-05-2024,Banned
https://www.youtube.com/channel/UCC_iGh0KaEHqA8ChSx6v6Rg,16-05-2024,No short Videos
https://www.youtube.com/channel/UCZtpUg2WzSJq2Ns1Yb785eQ,16-05-2024,No short Videos
https://www.youtube.com/channel/UCKvH5l7jbKpbWAwlHMG4tKw,16-05-2024,No short Videos
https://www.youtube.com/channel/UCDWlQ2AcGlcckdefjtF0goQ,16-05-2024,No short Videos
https://www.youtube.com/channel/UCc1Iq2QteZJ-QuUmO3XP5KA,16-05-2024,No short Videos
https://www.youtube.com/channel/UCTeZRYQqm3F31FhqbFNGERw,16-05-2024,No short Videos
https://www.youtube.com/channel/UCSjWZu0f8bcgIIx0kRcGPwQ,16-05-2024,No short Videos
https://www.youtube.com/channel/UC2BmSdUv0_jZYFBAaYtCrsQ,16-05-2024,No short Videos
https://www.youtube.com/channel/UCCuuRWM5JTvYBnbufwJ4E5Q,16-05-2024,No short Videos
https://www.youtube.com/channel/UCiiV8stcewhoCNyiErr7GtA,16-05-2024,No short Videos
https://www.youtube.com/channel/UC9bspJyf5JSS70TM4TYgZwQ,16-05-2024,No short Videos
https://www.youtube.com/channel/UCbuks6fmwRefCTGg9aNwgeQ,16-05-2024,No short Videos
https://www.youtube.com/channel/UCjHO2W3wp44Bh1xh2HD9uIQ,16-05-2024,No short Videos
https://www.youtube.com/channel/UCFU-YzYjd1faci3x_7A-ZQA,16-05-2024,No short Videos
https://www.youtube.com/channel/UCLuDznROytXtnMSDwo5aGJQ,16-05-2024,No short Videos
https://www.youtube.com/channel/UC1H-AidgZxdmlNK0Qe0K0Cw,16-05-2024,No short Videos
https://www.youtube.com/channel/UCFtY8NtxTmaSR5oZx3OJrGg,16-05-2024,No short Videos
https://www.youtube.com/channel/UCEtATEIYeuPUL42139mNB5w,16-05-2024,No short Videos
https://www.youtube.com/channel/UCzxmzF3Y-G8Ebfy_BAwvbvw,16-05-2024,No short Videos
https://www.youtube.com/channel/UCbD6i9kdB39dh2naaWMTxOA,16-05-2024,No short Videos
https://www.youtube.com/channel/UCbHPSZ7KkDSFhoYpINm044A,16-05-2024,Banned
https://www.youtube.com/channel/UCwxEt7qp3I9cXi3mVE81FKA,16-05-2024,No short Videos
https://www.youtube.com/channel/UClgieCzaMtSRPBJiUfgcXzg,16-05-2024,No short Videos
https://www.youtube.com/channel/UCXCn-6zVFuHPstWFn8DAj1Q,16-05-2024,No short Videos
https://www.youtube.com/channel/UCWZLEHW3v-7_UT8D3nyYffA,16-05-2024,No short Videos
https://www.youtube.com/channel/UCKbLN8HFP0jbBvgvY_TB_eA,16-05-2024,No short Videos
https://www.youtube.com/channel/UCC9pQY_uaBSa0WOpMNJHbEQ,16-05-2024,No short Videos
https://www.youtube.com/channel/UCs-3xMBZGFmVhRGB_pljfFg,16-05-2024,No short Videos
https://www.youtube.com/channel/UCoxT4Z_5xt-7oRJm58g32wA,16-05-2024,No short Videos
https://www.youtube.com/channel/UCgkIHTx7fyfWALbmO2HK2aA,16-05-2024,No short Videos
https://www.youtube.com/channel/UCeYXGDyPW93RVhVjnkSL_bA,16-05-2024,No short Videos
https://www.youtube.com/channel/UCYuXe8y4Hsz1-flloFBJt5Q,16-05-2024,No short Videos
https://www.youtube.com/channel/UCUsh0IOpcrApu75NKc3sHxQ,16-05-2024,No short Videos
https://www.youtube.com/channel/UC_iRElXv7hwMCPtQxkIUQzg,16-05-2024,No short Videos
https://www.youtube.com/channel/UCHDhCSr94pN91YjPPVf0_Kw,16-05-2024,No short Videos
https://www.youtube.com/channel/UC9o3Dwup0LKOs40xrJnvd6A,16-05-2024,No short Videos
https://www.youtube.com/channel/UCYepXp0JVDCAO_VWf6YKrJg,16-05-2024,No short Videos
https://www.youtube.com/channel/UCIB_oNqi62rKnPFb3Toaozw,16-05-2024,No short Videos
https://www.youtube.com/channel/UCJ-WDvNyJYnt-9lIIX7uKGA,16-05-2024,No short Videos
https://www.youtube.com/channel/UCpnrai4Ew3EoQuxfxf_8lfQ,16-05-2024,No short Videos
https://www.youtube.com/channel/UC5GP6QiUlLU1qXHzjDkj9WA,16-05-2024,No short Videos
https://www.youtube.com/channel/UCl3idtFdsmndolQvbUghcZg,16-05-2024,No short Videos
https://www.youtube.com/channel/UCpRLkb38tHVxVHxQYdfPn3g,16-05-2024,No short Videos
https://www.youtube.com/channel/UC1FK8EsrPHHVOvrDvctqpbQ,16-05-2024,No short Videos
https://www.youtube.com/channel/UCI1yiw8tCohHKer33je8KBQ,16-05-2024,No short Videos
https://www.youtube.com/channel/UC5dS3AobPKOlYr0Wd0TOcUQ,16-05-2024,No short Videos
https://www.youtube.com/channel/UCJTnmAUYJ78wClQ8rTRYqDw,16-05-2024,No short Videos
https://www.youtube.com/channel/UCgWZnbiY9xldrzkBFtlX8yw,16-05-2024,No short Videos
https://www.youtube.com/channel/UCStEZKLBBniB7AjRQDNyvWA,16-05-2024,No short Videos
https://www.youtube.com/channel/UCF8W68PS2Ltz17lTDSptDvg,16-05-2024,No short Videos
https://www.youtube.com/channel/UC5biYYSX5sh4QR98ekCd8KA,16-05-2024,No short Videos
https://www.youtube.com/channel/UCsiuN8Jco3LbbuTyGuqRgKg,16-05-2024,No short Videos
https://www.youtube.com/channel/UCOOwpp5JEgQPPs0SVsBb13w,16-05-2024,No short Videos
https://www.youtube.com/channel/UCoE3Mxoze4a1hFeSSxDuxIg,16-05-2024,No short Videos
https://www.youtube.com/channel/UCLRsGw2SbtsorSYT95bOplA,16-05-2024,No short Videos
https://www.youtube.com/channel/UC5Znk83wpDdporFLdDWHARQ,16-05-2024,No short Videos
https://www.youtube.com/channel/UC1d28hRWNGOFZKpsbMe96aw,16-05-2024,No short Videos
https://www.youtube.com/channel/UC2UeEbk6O-Tv2N9anoqInQg,16-05-2024,No short Videos
https://www.youtube.com/channel/UCAULCo55sioPwmAeI6NVSkg,16-05-2024,No short Videos
https://www.youtube.com/channel/UCeudxdJJ4VtlP43Pv9l7f-A,16-05-2024,No short Videos
https://www.youtube.com/channel/UCVTDGEm65ViytGd--EuQ_ZA,16-05-2024,No short Videos
https://www.youtube.com/channel/UCBGZwqjq8t-XZPPj_kM9EaQ,16-05-2024,No short Videos
https://www.youtube.com/channel/UC2ADd7jF1DCYcPasUQOS7Jg,16-05-2024,No short Videos
https://www.youtube.com/channel/UC_M1AAWIFbINwIWBAQfIfhg,16-05-2024,No short Videos
https://www.youtube.com/channel/UCQfISxq5legTqOt1h1us6lg,16-05-2024,No short Videos
https://www.youtube.com/channel/UCf5X9ErZU-PjPr6uIYfDUJw,16-05-2024,No short Videos
https://www.youtube.com/channel/UC7bRo3yLjtrRV9qU_KsE6nA,16-05-2024,No short Videos
https://www.youtube.com/channel/UCGjcqfd2Uj4hAaxNQovbG2A,16-05-2024,No short Videos
https://www.youtube.com/channel/UC2C-970d2o-YGLPqsG6FcWQ,16-05-2024,No short Videos
https://www.youtube.com/channel/UC8GiT7WAkok7WiErM_0jHKA,16-05-2024,No short Videos
https://www.youtube.com/channel/UCsgCBJw1IbAMQ-VwhS6akdA,16-05-2024,No short Videos
https://www.youtube.com/channel/UCZfupFXtc1U6hofsotI36zQ,16-05-2024,No short Videos
https://www.youtube.com/channel/UCuKbAWuSG9F_UEF2Xngbq0A,16-05-2024,No short Videos
https://www.youtube.com/channel/UC5ZqaJ9klJrwgsKjYW42JtA,16-05-2024,No short Videos
https://www.youtube.com/channel/UC3ihyjIvubiIAieg8SlmtIQ,16-05-2024,No short Videos
https://www.youtube.com/channel/UC5pbeFWTPAUdKu65kBROsBg,16-05-2024,No short Videos
https://www.youtube.com/channel/UCVmbVJXq1Xd0K_fRg_6uT-w,16-05-2024,No short Videos
https://www.youtube.com/channel/UClwzJ_A9bLq_crgczFU9Itw,16-05-2024,No short Videos
https://www.youtube.com/channel/UCEPuItFWOOJ2o5hTu65NlEg,16-05-2024,No short Videos
https://www.youtube.com/channel/UCeMgZ-xi9oCYYf2AHiGEKWQ,16-05-2024,No short Videos
https://www.youtube.com/channel/UC-9oz6OofrZnaOUQ48-LavA,16-05-2024,No short Videos
https://www.youtube.com/channel/UChlgI3UHCOnwUGzWzbJ3H5w,16-05-2024,No short Videos
https://www.youtube.com/channel/UCTSfYd4nnazx_kAl3oIBpyw,16-05-2024,No short Videos
https://www.youtube.com/channel/UCJVkX-srnsj-qyEIO0m7JCQ,16-05-2024,No short Videos
https://www.youtube.com/channel/UCv514-N0KhdSjbMBA2yHNYQ,16-05-2024,No short Videos
https://www.youtube.com/channel/UCMTpto3kWqH3xdYIHYCvYZg,16-05-2024,No short Videos
https://www.youtube.com/channel/UCdJEFiuruutP-w893z_lx_Q,16-05-2024,No short Videos
https://www.youtube.com/channel/UCHX1XN5tzV6NV2xW_ZNuMyA,16-05-2024,No short Videos
https://www.youtube.com/channel/UC5mBVaSmx6v3AXqtZmMX_Kg,16-05-2024,No short Videos
https://www.youtube.com/channel/UCfsNuo871ShOAsbQuFyksQA,16-05-2024,No short Videos
https://www.youtube.com/channel/UCz8AcyS6eJvTWNdPGx57pEQ,16-05-2024,No short Videos
https://www.youtube.com/channel/UCIQqi_9EQbmQhMQ8YVG3GKw,16-05-2024,No short Videos
https://www.youtube.com/channel/UC6e43Z5P_ThOnz7XaSe5zpw,16-05-2024,No short Videos
https://www.youtube.com/channel/UC_3Tvp_omLrcGl9lIZTWcPw,16-05-2024,No short Videos
https://www.youtube.com/channel/UCbTL66F9HUJRvup8HKCBD-w,16-05-2024,No short Videos
https://www.youtube.com/channel/UCR_-5nSCnmZvpHoj8OYOUcQ,16-05-2024,No short Videos
https://www.youtube.com/channel/UCThc6U-R2kMl2tgVSJQrMBw,16-05-2024,No short Videos
https://www.youtube.com/channel/UCcRl9hT8-VuOaysct5ejMuQ,16-05-2024,No short Videos
https://www.youtube.com/channel/UCEn8glP9FJvpTY05IMY7xSQ,16-05-2024,No short Videos
https://www.youtube.com/channel/UCewwdEBQ55pB-9DFD-K_d-w,16-05-2024,No short Videos
https://www.youtube.com/channel/UCcOpzCuVnpUxgHXU6XBdTrQ,16-05-2024,No short Videos
https://www.youtube.com/channel/UCu6mog947IWOXL23AzKlImw,16-05-2024,No short Videos
https://www.youtube.com/channel/UC6iL7bXdg0OF4ncDC27_Emg,16-05-2024,No short Videos
https://www.youtube.com/channel/UCusZQFGX7tUfHDTCLsKykEw,16-05-2024,No short Videos
https://www.youtube.com/channel/UCFPkM17-Zb1jtmnM0ZuLlWw,16-05-2024,No short Videos
https://www.youtube.com/channel/UCAAoF2T0cwxKxlApUZ8TmVw,16-05-2024,No short Videos
https://www.youtube.com/channel/UCXeXeCn960Hm-y289HCAxkQ,16-05-2024,No short Videos
https://www.youtube.com/channel/UC1RjCqJ8nlQq-kx7mXYhPWg,16-05-2024,No short Videos
https://www.youtube.com/channel/UC9lOjUorxPT9avPSQ8ORi5w,16-05-2024,No short Videos
https://www.youtube.com/channel/UCijBTYEiKT1OJO54C6PnRqw,16-05-2024,No short Videos
https://www.youtube.com/channel/UCO0lkBv9enXUbSXFR-zLEUQ,16-05-2024,No short Videos
https://www.youtube.com/channel/UC8tYgnrcFXk7OCY_uoBmh-A,16-05-2024,No short Videos
https://www.youtube.com/channel/UCzGblRaF5unKKz10hACKGDg,16-05-2024,No short Videos
https://www.youtube.com/channel/UCpMGj1q-ptVSHllhhab879A,16-05-2024,No short Videos
https://www.youtube.com/channel/UCfHsXdttq6t-59HaJKgk5uw,16-05-2024,No short Videos
https://www.youtube.com/channel/UCx_eAZKDceT1yaY4bRo636A,16-05-2024,No short Videos
https://www.youtube.com/channel/UCr_vGOCPjmYx3pd1iCFL7Bg,16-05-2024,No short Videos
https://www.youtube.com/channel/UCZ9uzAn6d-7yCSL6AHXCM6A,16-05-2024,No short Videos
https://www.youtube.com/channel/UCiJAivEt0pbBA9CnAqhUpuQ,16-05-2024,No short Videos
https://www.youtube.com/channel/UC-RgePSIPItac2e9ludu1RQ,16-05-2024,No short Videos
https://www.youtube.com/channel/UCJVxtcVFZ7ndTRkhEXNwgPA,16-05-2024,No short Videos
https://www.youtube.com/channel/UCJ1LjC0GzoFy0BMWNif-tHQ,16-05-2024,No short Videos
https://www.youtube.com/channel/UCpYPXblQny-J7k3MIG-f1qQ,16-05-2024,No short Videos
https://www.youtube.com/channel/UC5y_hpfH1ChKcKx7wUEM2cg,16-05-2024,No short Videos
https://www.youtube.com/channel/UCCfy_jauEe07jowzGkEqo-g,16-05-2024,No short Videos
https://www.youtube.com/channel/UCOjKMoPYvIaiC679BYaEOKA,16-05-2024,No short Videos
https://www.youtube.com/channel/UCrLUuZAPA7K6kAip78bKxYg,16-05-2024,No short Videos
https://www.youtube.com/channel/UC10v5-HAge1PBpVSxEqSjkA,16-05-2024,No short Videos
https://www.youtube.com/channel/UCplK6C61CDN1wg01mVdQ2Yw,16-05-2024,No short Videos
https://www.youtube.com/channel/UC-4uuOgNav04iHRjjh7B82g,16-05-2024,No short Videos
https://www.youtube.com/channel/UC-cz-xLb-A7uFMUfzhh_rng,16-05-2024,No short Videos
https://www.youtube.com/channel/UCtCRr4rDWjpRi8LSWexmCKg,16-05-2024,No short Videos
https://www.youtube.com/channel/UCFpfKdO4MMSc9ZoMjk2Tikg,16-05-2024,No short Videos
https://www.youtube.com/channel/UCN106RQxroojNzkEMuRC0BA,16-05-2024,No short Videos
https://www.youtube.com/channel/UCgNxKrHO-Ow69eQCjM4ccFA,16-05-2024,No short Videos
https://www.youtube.com/channel/UCexUyFaq9YH7XJfCQzVR_jg,16-05-2024,No short Videos
https://www.youtube.com/channel/UCccKBGf5ce2jaSEs3amjWow,16-05-2024,No short Videos
https://www.youtube.com/channel/UCZI80CMaatBwH_vv2xPvlXg,16-05-2024,No short Videos
https://www.youtube.com/channel/UCDmRdI7BwsXkDg8RiZrtxxw,16-05-2024,No short Videos
https://www.youtube.com/channel/UCKxLXXUTY6bt9Dxuu-pJ4Yw,16-05-2024,No short Videos
https://www.youtube.com/channel/UCmgt7ewcg_HscfA4ks7rGhg,16-05-2024,No short Videos
https://www.youtube.com/channel/UCYZc_AIieAbxeC_hWysO7mQ,16-05-2024,No short Videos
https://www.youtube.com/channel/UCWCPCGi0sCBJkU9sKHyg14w,16-05-2024,No short Videos
https://www.youtube.com/channel/UC-gYg0JsAc0bC13CCtkEemA,16-05-2024,No short Videos
https://www.youtube.com/channel/UCG89lOGERPtdfw26C2bhC6Q,16-05-2024,No short Videos
https://www.youtube.com/channel/UCJPKwEaRF5KTaHp2FPnQBvQ,16-05-2024,No short Videos
https://www.youtube.com/channel/UCRpXRTQF0LuJK8OqGZBVaDA,16-05-2024,No short Videos
https://www.youtube.com/channel/UCvmVkGvEHoSjLxOy0moLszw,16-05-2024,No short Videos
https://www.youtube.com/channel/UC1fDnkN58T3H4vbDntZk4Jw,16-05-2024,No short Videos
https://www.youtube.com/channel/UCpSCdYMV3240T-h3RugN1qA,16-05-2024,No short Videos
https://www.youtube.com/channel/UCqJhCBsRUmfMkSo3IfSmgWQ,16-05-2024,No short Videos
https://www.youtube.com/channel/UCzCflTAaZA7FjwvkOh9cSig,16-05-2024,No short Videos
https://www.youtube.com/channel/UCeZZ5LAX3as-CPv-Bj3hPdQ,16-05-2024,No short Videos
https://www.youtube.com/channel/UCFayhUkM_PWKCU1ImcFv3Cw,16-05-2024,No short Videos
https://www.youtube.com/channel/UCesY-UN9tgibpFJ-lw3y_1A,16-05-2024,No short Videos
https://www.youtube.com/channel/UCa9OXODEH6azPrc_OEBM-Ew,16-05-2024,No short Videos
https://www.youtube.com/channel/UCeG0ONJtjwE20ThR5iSYdsA,16-05-2024,No short Videos
https://www.youtube.com/channel/UCqVYOAQ-d9iQT3ans8kuY2A,16-05-2024,No short Videos
https://www.youtube.com/channel/UCyqAMqF1eS8s3CDVYhZu6cg,16-05-2024,No short Videos
https://www.youtube.com/channel/UCzgwmlYhN_QSZiZ0pOH9pBw,16-05-2024,No short Videos
https://www.youtube.com/channel/UCY0yss5uYnri-r40LbWlUeg,16-05-2024,No short Videos
https://www.youtube.com/channel/UCBFfQLR7J5jqAUpTOS-Ic1w,16-05-2024,No short Videos
https://www.youtube.com/channel/UCVtnn60S0JmJzNOjzR_f25w,16-05-2024,No short Videos
https://www.youtube.com/channel/UC2NPgORY2gsg0-JFBIbvaBQ,16-05-2024,No short Videos
https://www.youtube.com/channel/UCLQsWzHlo8w-ADzXtSjk_qQ,16-05-2024,No short Videos
https://www.youtube.com/channel/UCcbgN1riGZBWbuarYSzJ20Q,16-05-2024,No short Videos
https://www.youtube.com/channel/UCjyvXWWlijuhPH_gd0InDdA,16-05-2024,No short Videos
https://www.youtube.com/channel/UC98TOxKQk4aLcx0EjIK0LkQ,16-05-2024,No short Videos
https://www.youtube.com/channel/UCR3S4OTTmprj-RPbxr48wOA,16-05-2024,Banned
https://www.youtube.com/channel/UCXEKwWflysXu312NmIP_dlw,16-05-2024,No short Videos
https://www.youtube.com/channel/UCoPVUbpRLrD31dqVOQhTbrA,16-05-2024,No short Videos
https://www.youtube.com/channel/UCvnHnTrg6JkTEVJD7t_ksjA,16-05-2024,No short Videos
https://www.youtube.com/channel/UCtlQ2IZbbnWMwyGq67D6BEA,16-05-2024,No short Videos
https://www.youtube.com/channel/UCHe91XNzIUwZBo2lGeazfwA,16-05-2024,No short Videos
https://www.youtube.com/channel/UCu6xxJRxG5fZzHt_yVOP92A,16-05-2024,No short Videos
https://www.youtube.com/channel/UCzay0uHEiaSsKmuGkCg-mSg,16-05-2024,No short Videos
https://www.youtube.com/channel/UCVRX62RzBgAggYNQfZsi2Jw,16-05-2024,No short Videos
https://www.youtube.com/channel/UCnOTemIK0FqCe2FHbr9mWFw,16-05-2024,No short Videos
https://www.youtube.com/channel/UCJXLYDxiIgeb1L_CAcXdcTw,16-05-2024,No short Videos
https://www.youtube.com/channel/UCsWQWNCGa6nn9JCoDaxdTUQ,16-05-2024,No short Videos
https://www.youtube.com/channel/UCj-durTg1W7uWsB8oq0u7kA,16-05-2024,No short Videos
https://www.youtube.com/channel/UCAGUSx1hbPKDqzBZH7bTjiA,16-05-2024,No short Videos
https://www.youtube.com/channel/UC-uIpGINZDL-VIHQQzJW8jw,16-05-2024,No short Videos
https://www.youtube.com/channel/UCCbLQtdzoIJB-Ah6_oWFsoA,16-05-2024,No short Videos
https://www.youtube.com/channel/UCtt0Hg9MhraTkzWwNQpplHg,16-05-2024,No short Videos
https://www.youtube.com/channel/UCXIE46_EepuxbMx0Jvw4RMw,16-05-2024,No short Videos
https://www.youtube.com/channel/UCN-F1myCRkQ1kygS_QmlsPw,16-05-2024,No short Videos
https://www.youtube.com/channel/UCkhyimXq3phfYMQIyCIfHIA,16-05-2024,No short Videos
https://www.youtube.com/channel/UC-Nfi7ln6pnjM9VySLvQ0KQ,16-05-2024,No short Videos
https://www.youtube.com/channel/UCrO7COrZpmaYX6Jzhin7v3Q,16-05-2024,No short Videos
https://www.youtube.com/channel/UCcmJmJVwglaOUJpaiJrhO_w,16-05-2024,No short Videos
https://www.youtube.com/channel/UCxedTJNaGRHiq6YfNtQVCNA,16-05-2024,No short Videos
https://www.youtube.com/channel/UCEJxQy9s9tgwHkSeR6rM48A,16-05-2024,No short Videos
https://www.youtube.com/channel/UC2IIBYSTMSvJaK2UJzCC06g,16-05-2024,No short Videos
https://www.youtube.com/channel/UCc_JT4_cVivLjkZ-EcNULNA,16-05-2024,No short Videos
https://www.youtube.com/channel/UC7H4JJ8o0kwBnYdTavPGzgA,16-05-2024,No short Videos
https://www.youtube.com/channel/UCKiFIPld4N2OjAuJ3co4HDw,16-05-2024,No short Videos
https://www.youtube.com/channel/UCiimaHZhaYQqIj4RvME6XuQ,16-05-2024,No short Videos
https://www.youtube.com/channel/UCDFHdj0KvSoJ8id97zn3DOQ,16-05-2024,No short Videos
https://www.youtube.com/channel/UCY9eI5Q-T9IaAZ4kof17FeA,16-05-2024,No short Videos
https://www.youtube.com/channel/UC6wtGnl18_9GCns9IjL-a7A,16-05-2024,No short Videos
https://www.youtube.com/channel/UCSuUYEy9DrHFxzNt5gRL_zA,16-05-2024,No short Videos
https://www.youtube.com/channel/UCJRFsGWvySjGfLjq53xdacQ,16-05-2024,No short Videos
https://www.youtube.com/channel/UCrNne0wx3c_baoP8hfmj4NQ,16-05-2024,No short Videos
https://www.youtube.com/channel/UCVihezVtsguXEouYvtKmKYA,16-05-2024,No short Videos
https://www.youtube.com/channel/UChujSwamapGTw6iO9RlRWqA,16-05-2024,No short Videos
https://www.youtube.com/channel/UCTbRLBjn3NXVVQTBFjr390A,16-05-2024,No short Videos
https://www.youtube.com/channel/UCmJHtwNbypraJWj5vmP6gyQ,16-05-2024,No short Videos
https://www.youtube.com/channel/UCq2Ld6DYPkq_61vKvL7EFiw,16-05-2024,No short Videos
https://www.youtube.com/channel/UCsomvq0tNOhYz4hpFwxW6yw,16-05-2024,No short Videos
https://www.youtube.com/channel/UCPCbooqdM2t6XYTfl81orOg,16-05-2024,No short Videos
https://www.youtube.com/channel/UCV5NIosHT4ykhN9tdke5dFQ,16-05-2024,No short Videos
https://www.youtube.com/channel/UCxvdCnvGODDyuvnELnLkQWw,16-05-2024,No short Videos
https://www.youtube.com/channel/UC1LlDNVZRhF2qEVlHsfKaIA,16-05-2024,No short Videos
https://www.youtube.com/channel/UChWlCHFdr2PyjRlpV80gfgA,16-05-2024,No short Videos
https://www.youtube.com/channel/UCNK0-1KNIwowKzZu6tSjqsw,16-05-2024,No short Videos
https://www.youtube.com/channel/UCFOixeB9gbedVi6uwnsfHMQ,16-05-2024,No short Videos
https://www.youtube.com/channel/UC8BPPaTQsHIH3L0TGyKxjTw,16-05-2024,No short Videos
https://www.youtube.com/channel/UCNZQH5gqyNf0gm8DkTRfkLA,16-05-2024,No short Videos
https://www.youtube.com/channel/UCUgu7bYUlmdV7vr4wsaSuYg,16-05-2024,No short Videos
https://www.youtube.com/channel/UCAw2WahIbrnJlryCh_bq56Q,16-05-2024,No short Videos
https://www.youtube.com/channel/UC-gQrUNu6L6Cudb4T1ioobA,16-05-2024,No short Videos
https://www.youtube.com/channel/UCa3XfT_AccZCELBLC913oEg,16-05-2024,No short Videos
https://www.youtube.com/channel/UCadE2juhJVkAMFVnGd-SnOw,16-05-2024,No short Videos
https://www.youtube.com/channel/UCq3jFPxHMzqsqnquwStg84g,16-05-2024,No short Videos
https://www.youtube.com/channel/UCVQX41TCdRcGBQWLMfNUslg,16-05-2024,No short Videos
https://www.youtube.com/channel/UCCLzY3-up1iP28PUx04tL4g,16-05-2024,No short Videos
https://www.youtube.com/channel/UC2E-9AQ-kwOFlvvXLfY6V8Q,16-05-2024,No short Videos
https://www.youtube.com/channel/UCJ6aeHvUhr_44yWcDc02SkA,16-05-2024,No short Videos
https://www.youtube.com/channel/UC3P7nGHneYdh3ZEjNxSJffw,16-05-2024,No short Videos
https://www.youtube.com/channel/UCpCBP5cVIBvezPI1LKFMYjA,16-05-2024,No short Videos
https://www.youtube.com/channel/UCQexEZeRwahADA7ZljTSuZQ,16-05-2024,No short Videos
https://www.youtube.com/channel/UCwIiyFphTd-eTeLBvh8riNw,16-05-2024,No short Videos
https://www.youtube.com/channel/UCzxXBQnJy9guqVNM6KXi0Ig,16-05-2024,No short Videos
https://www.youtube.com/channel/UCJtYTtTSSD430X3VygOqxhg,16-05-2024,No short Videos
https://www.youtube.com/channel/UCCMOTqp7fC3oAoZkqO46MpA,16-05-2024,No short Videos
https://www.youtube.com/channel/UC4qBREGSlrlzlnU98fz2odg,16-05-2024,No short Videos
https://www.youtube.com/channel/UCghg-2QMAlVBJnXW0duMIlw,16-05-2024,No short Videos
https://www.youtube.com/channel/UC-0C8yVGJy-cS4FGlYKelWw,16-05-2024,No short Videos
https://www.youtube.com/channel/UC_0oo0GPlDUU88ubLDnJkSQ,16-05-2024,No short Videos
https://www.youtube.com/channel/UCONTlrUj5pVn7LammlleLJg,16-05-2024,No short Videos
https://www.youtube.com/channel/UCcceLcT5T5kllCaInYzG2qg,16-05-2024,No short Videos
https://www.youtube.com/channel/UCvW0_cDf_-xnReWLUK1efHw,16-05-2024,No short Videos
https://www.youtube.com/channel/UCmVAoKoauj3nPIZ9hnC3yZQ,16-05-2024,No short Videos
https://www.youtube.com/channel/UChUv89ElZt-SX3A0Heu8DcA,16-05-2024,No short Videos
https://www.youtube.com/channel/UCrtaU1w8FSdz-PYwYrB2hKw,16-05-2024,No short Videos
https://www.youtube.com/channel/UCz72_xt8dppeYW8AEI6Foeg,16-05-2024,No short Videos
https://www.youtube.com/channel/UCAh2gAQmO8j1IUCOM3N6ktQ,16-05-2024,No short Videos
https://www.youtube.com/channel/UC2gasvQVxOdRht9ykwhxwjw,16-05-2024,No short Videos
https://www.youtube.com/channel/UCQOL6_MBCFXr3M9OTmwl9pg,16-05-2024,No short Videos
https://www.youtube.com/channel/UCrIogbGwp6TE0MyYf66B43Q,16-05-2024,No short Videos
https://www.youtube.com/channel/UCUSSnoEQ8DSRK-gnWS0vfyA,16-05-2024,No short Videos
https://www.youtube.com/channel/UCTHkCtAjSWRNkqBTQEGTB7A,16-05-2024,No short Videos
https://www.youtube.com/channel/UCK0dT0l5_Nz8p5fk2canALA,16-05-2024,No short Videos
https://www.youtube.com/channel/UCItF1vZFLnFoui_VstMHHfQ,16-05-2024,No short Videos
https://www.youtube.com/channel/UCO5bdxKgKczSpjFbfsGykmA,16-05-2024,No short Videos
https://www.youtube.com/channel/UCQ0E3ZnGWFYPzQ0VgrEovxQ,16-05-2024,No short Videos
https://www.youtube.com/channel/UC1aBdmKvC6yAiq4xgPLOzKA,16-05-2024,No short Videos
https://www.youtube.com/channel/UCWwK-ls7Cr4g_ctG15seTeQ,16-05-2024,No short Videos
https://www.youtube.com/channel/UCsM83Um82DvG4oRpK3gX2eg,16-05-2024,No short Videos
https://www.youtube.com/channel/UCoki0B1g_yItdxRWRxe_syg,16-05-2024,No short Videos
https://www.youtube.com/channel/UCTleh456GChX4bbmHXbkDwA,16-05-2024,No short Videos
https://www.youtube.com/channel/UCNBsTdjXHBr9H2IHiZmABGg,16-05-2024,No short Videos
https://www.youtube.com/channel/UCdL6zLzOiDJScnPV80oNIdA,16-05-2024,No short Videos
https://www.youtube.com/channel/UCClS2Eilg9vgXFKHLtZg80w,16-05-2024,No short Videos
https://www.youtube.com/channel/UCj0zlqLYU9qc9i1AnyFyofQ,16-05-2024,No short Videos
https://www.youtube.com/channel/UCO0ZkvucVANLi2FSfdsd7Rg,16-05-2024,No short Videos
https://www.youtube.com/channel/UC66yQ1db9A_SGo8bOw400Zg,16-05-2024,No short Videos
https://www.youtube.com/channel/UCqq-ovGE01ErlXakPihhKDA,16-05-2024,No short Videos
https://www.youtube.com/channel/UCCWHOI_Xth7mINE98Nprz6A,16-05-2024,No short Videos
https://www.youtube.com/channel/UCIprIa_c--p-HuxSj25IZMA,16-05-2024,No short Videos
https://www.youtube.com/channel/UCvkAHI5reUyuwV0y2oyhXcw,16-05-2024,No short Videos
https://www.youtube.com/channel/UColsB8cUIjrZxidEtMdDZUA,16-05-2024,No short Videos
https://www.youtube.com/channel/UC9G7V6-HU_Cg7-yWLO1rH6w,16-05-2024,No short Videos
https://www.youtube.com/channel/UCW5FEe1eiOAKzcnhmeI0Mzw,16-05-2024,No short Videos
https://www.youtube.com/channel/UCKDkGnyeib7mcU7LdD3x0jQ,16-05-2024,No short Videos
https://www.youtube.com/channel/UCxDsmOAytp0iFvOaGMRwuNw,16-05-2024,No short Videos
https://www.youtube.com/channel/UCUKkUigKgKVSUIPZSI9a8ag,16-05-2024,No short Videos
https://www.youtube.com/channel/UCzxE9AgEmkLqNs2XMtTXF1g,16-05-2024,No short Videos
https://www.youtube.com/channel/UCd-Ui_M4pAXhD1Xg8IyGebg,16-05-2024,No short Videos
https://www.youtube.com/channel/UCYTfr5EL-LO3mXYktlq-_uQ,16-05-2024,No short Videos
https://www.youtube.com/channel/UCdm3jOfy5znmYwBVxYlhVdw,16-05-2024,No short Videos
https://www.youtube.com/channel/UCCdcpCa4yiDcCPhFErd7TXA,16-05-2024,No short Videos
https://www.youtube.com/channel/UCCLyzXUmo5FcOPucGz3YPtg,16-05-2024,No short Videos
https://www.youtube.com/channel/UCFQ6hzMsVr3iZNrgth3E0_w,16-05-2024,No short Videos
https://www.youtube.com/channel/UCAPzvvLVqqXj68pKKzdOV9w,16-05-2024,No short Videos
https://www.youtube.com/channel/UCeipWuXRkOs4rTy0-bNZ8ag,16-05-2024,No short Videos
https://www.youtube.com/channel/UCoJBLhCHBDDQojO6mDXpvYA,16-05-2024,No short Videos
https://www.youtube.com/channel/UCt2ovOiAlTc8pAihvOFarYA,16-05-2024,No short Videos
https://www.youtube.com/channel/UCZ8Y67HhPwOFGlaPHVscfWA,16-05-2024,No short Videos
https://www.youtube.com/channel/UC2jkfOUD5KNbIpkb77-chqQ,16-05-2024,No short Videos
https://www.youtube.com/channel/UCEU3spVQMmXrU0Nqhw00Gpg,16-05-2024,No short Videos
https://www.youtube.com/channel/UCO6HlZAqEB6pRHLyPq_TcZg,16-05-2024,No short Videos
https://www.youtube.com/channel/UCIG4gr_wIy5CIlcFciUbIQw,16-05-2024,No short Videos
https://www.youtube.com/channel/UC5HpbZB-E-DzFpWZmVlcV9A,16-05-2024,No short Videos
https://www.youtube.com/channel/UCq4UnCu-5TmhWNQIrhKlv-g,16-05-2024,No short Videos
https://www.youtube.com/channel/UCGsJRpGI3iFpf0lIUIgbsBw,16-05-2024,No short Videos
https://www.youtube.com/channel/UCA4ZUofyfHIk-qXlAQQV5Hg,16-05-2024,No short Videos
https://www.youtube.com/channel/UC-qSipf88NifyK3Q-gZ8JBw,16-05-2024,No short Videos
https://www.youtube.com/channel/UCuN9yuqJWM6CeqqUKPFckhA,16-05-2024,No short Videos
https://www.youtube.com/channel/UCJ_HWtS-gYoHyPLC0k-b1_Q,16-05-2024,Banned
https://www.youtube.com/channel/UCvDbAghwnoa8Andb2bSKXfw,16-05-2024,No short Videos
https://us.youtubers.me//1201d62a-0d5a-4406-a8e2-56b6f6bbff31/youtube,16-05-2024,No short Videos
https://www.youtube.com/channel/UC4_ATX866MeDBsRO120lrOg,16-05-2024,Banned
https://www.youtube.com/channel/UCySfMYT4uEqAnw6pJVjKrRQ,16-05-2024,No short Videos
https://www.youtube.com/channel/UCDQLgP4w-yZiEKIscZJ5edA,16-05-2024,No short Videos
https://www.youtube.com/channel/UCH9K76PO6AXfh3R-xPYi5iA,16-05-2024,Banned
https://www.youtube.com/channel/UCv8vgtX21MjqkgWxYoXYIVg,16-05-2024,No short Videos
https://www.youtube.com/channel/UCaH5KJOK9k4kxt4dKjSGE7A,16-05-2024,No short Videos
https://www.youtube.com/channel/UCKfFMnulgxbHyDPedK4V1cQ,16-05-2024,No short Videos
https://www.youtube.com/channel/UCv69pbN6_5UOV5OGxhH3bWg,16-05-2024,No short Videos
https://www.youtube.com/channel/UC_UuMa-c-HmCSeMOx33cjCg,16-05-2024,Banned
https://www.youtube.com/channel/UCcdIoGXMgihT5H7UbNArlXw,16-05-2024,No short Videos
https://www.youtube.com/channel/UCqVUlvO_0s0MYZWI1P2TMPw,16-05-2024,No short Videos
https://www.youtube.com/channel/UCaoqDZPllYXLAH_5OBRLLrw,16-05-2024,No short Videos
https://www.youtube.com/channel/UCt2jWCd-eVVfTn-sCw6gmoA,16-05-2024,No short Videos
https://www.youtube.com/channel/UC5Z3hqlecfg5w-rMJFuxlMw,16-05-2024,Banned
https://www.youtube.com/channel/UCF5ISWf4XHlsmxNUX2p3HEA,16-05-2024,No short Videos
https://www.youtube.com/channel/UCWunBeVPbztFbMlpE6k8RSA,16-05-2024,No short Videos
https://www.youtube.com/channel/UCh4APio1T2hOasaRzzUEkBQ,16-05-2024,Banned
https://www.youtube.com/channel/UCeAEYjNRozsh-MHT10EUEVA,16-05-2024,No short Videos
https://www.youtube.com/channel/UCax9ZOktDpBhjviuZmiIq-g,16-05-2024,Banned
https://www.youtube.com/channel/UCrzTDI-wev6gpi0zBzJkqQA,16-05-2024,No short Videos
https://www.youtube.com/channel/UCIrYBqpgMidFLBQeeG0m0JQ,16-05-2024,No short Videos
https://www.youtube.com/channel/UCKitX3MzbFuVJHoRiYQwEpw,16-05-2024,No short Videos
https://www.youtube.com/channel/UCaPPXbObO5CI44EF84V6oeQ,16-05-2024,No short Videos
https://www.youtube.com/channel/UC7sx1RF3mOdOaQdf7eWP8aA,16-05-2024,No short Videos
https://www.youtube.com/channel/UCIMOytYIzaUpoAM2bpT4JZQ,16-05-2024,No short Videos
https://www.youtube.com/channel/UCTSPGY1ng7awtBjCqpFOemg,16-05-2024,No short Videos
https://www.youtube.com/channel/UCJUcB21q-_MDxquGxtmgTfw,16-05-2024,Banned
https://www.youtube.com/channel/UCXZx953K0FgkT3H2FaFAcew,16-05-2024,No short Videos
https://www.youtube.com/channel/UCSVJCqGT3xpWyNA1z6Jwn7Q,16-05-2024,No short Videos
https://www.youtube.com/channel/UC_0ewrZoD_1aw0mx72ISaGA,16-05-2024,No short Videos
https://www.youtube.com/channel/UCix_zFh6ctgcndBaTqZQ6lA,16-05-2024,No short Videos
https://www.youtube.com/channel/UCnmwgGF8B9a3tP2D53V8dig,16-05-2024,No short Videos
https://www.youtube.com/channel/UC8cscgG12KkR7-cOitqYQcg,16-05-2024,No short Videos
