chanel_name,yt_url,subscribers,check_date,released_date,is_posted_in_date_range,shorts_name,description,likes,views,short_url,thumbnail_link
BIANCA,https://www.youtube.com/channel/UCyGiT8hfB59ohOtzG6e_Fvw,16300,24-08-2024,Mar 22 2024,No,rain sounds,rain sounds,0,32,https://www.youtube.com/shorts/RXBdN0c3lb8,https://i.ytimg.com/vi/RXBdN0c3lb8/oar2.jpg?sqp=-oaymwEdCJUDENAFSFWQAgHyq4qpAwwIARUAAIhCcAHAAQY=&rs=AOn4CLBIcGDgiIfxPClFjbZXDWw5wDo-SA
JS 1TV,https://www.youtube.com/channel/UCronJF7ymC4_UpmrYCevV4A,85300,24-08-2024,Aug 07 2024,No,#ì§„í•˜ì§„ #ëª¨ë¸ #CJìŠˆí¼ë ˆì´ìŠ¤2024,#ì§„í•˜ì§„ #ëª¨ë¸ #CJìŠˆí¼ë ˆì´ìŠ¤2024,47,447,https://www.youtube.com/shorts/L7rPLlOwfCQ,https://i.ytimg.com/vi/L7rPLlOwfCQ/oardefault.jpg?sqp=-oaymwEdCJUDENAFSFWQAgHyq4qpAwwIARUAAIhCcAHAAQY=&rs=AOn4CLA7wrHqEavTRSAS2uVBCfkl6-9yWA
BLSG,https://www.youtube.com/channel/UCusMhRLsQCvAqGNKgjOaRpA,29800,24-08-2024,Aug 21 2024,No,ì„¸ìƒì´ ì–µê¹Œí•˜ë„¤ #ë”°ë¦‰ì´#ì›”ê¸‰ë‚´ë†”#ì§ì¥ì¸,ì„¸ìƒì´ ì–µê¹Œí•˜ë„¤ #ë”°ë¦‰ì´#ì›”ê¸‰ë‚´ë†”#ì§ì¥ì¸,19,778,https://www.youtube.com/shorts/SQ8rMBYb_l4,https://i.ytimg.com/vi/SQ8rMBYb_l4/oar2.jpg?sqp=-oaymwEdCJUDENAFSFWQAgHyq4qpAwwIARUAAIhCcAHAAQY=&rs=AOn4CLChdevAHYEwYY8cUwuFGTt8nKrmLQ
RECENT PAST,https://www.youtube.com/channel/UC1QSdLOx2XS96qyY_HWG-RA,32500,24-08-2024,Feb 17 2024,No,#Ñ‚ÑƒĞ¹Ğ»Ğ°Ñ€ #Ğ°Ñ€Ñ…Ğ¸Ğ² #klassika,#UZBEK_RETRO_TV  #KLASSIKA,100,"12,424",https://www.youtube.com/shorts/QO33hzBkZPQ,https://i.ytimg.com/vi/QO33hzBkZPQ/oar2.jpg?sqp=-oaymwEdCJUDENAFSFWQAgHyq4qpAwwIARUAAIhCcAHAAQY=&rs=AOn4CLAo0NMgaaXy7OBEncczkXCqjMdbQw
ë°•ë‹¤ë‹ˆì—˜TV,https://www.youtube.com/channel/UCvvqhSphHVOgONavkDDnNtQ,27400,24-08-2024,Jul 28 2024,No,ê·¸ì‚¬ë‘ ì•ë¶€ë¶„,ê·¸ì‚¬ë‘ ì•ë¶€ë¶„,1,209,https://www.youtube.com/shorts/oDlAfaQ_rUA,https://i.ytimg.com/vi/oDlAfaQ_rUA/oar2.jpg?sqp=-oaymwEdCJUDENAFSFWQAgHyq4qpAwwIARUAAIhCcAHAAQY=&rs=AOn4CLDIHLcyd5nnMSa45Cjq0kWUqCNsvg
ë°±ê¸°.ë³µê¸° ì‹œê³¨ë•…ìœ¼ë¡œ,https://www.youtube.com/channel/UCo8Bta7c8OTyQz3ScguuN3A,6680,24-08-2024,Aug 08 2024,No,íœ´ê°€ ë§ˆì§€ë§‰ë‚ ì—” ì´ê±¸ ë¨¹ì—ˆì–´ìš”,#ë‚´ëŠ”ë‚¸ë°#ë³µê¸°#ìˆ˜ì œë¹„#ë§¤ìš´íƒ•#ë¯¼ë¬¼ê³ ê¸°#ë‚šì‹œ#turtle#automobile,N/A,79,https://www.youtube.com/shorts/TD0k4nbYxOI,https://i.ytimg.com/vi/TD0k4nbYxOI/oar2.jpg?sqp=-oaymwEdCJUDENAFSFWQAgHyq4qpAwwIARUAAIhCcAHAAQY=&rs=AOn4CLDZHzUtKi8tK5_oP9-xBY4wbihsdw
Windmill,https://www.youtube.com/channel/UCUQbhYwBAmG6iNnKasI93Tg,22900,24-08-2024,Dec 25 2023,No,Merry Christmas,Merry Christmas,143,"4,312",https://www.youtube.com/shorts/t0a9IkLEV5U,https://i.ytimg.com/vi/t0a9IkLEV5U/oar2.jpg?sqp=-oaymwEdCJUDENAFSFWQAgHyq4qpAwwIARUAAIhCcAHAAQY=&rs=AOn4CLD6mOFovE2yVSI8xBQVfP547QaHMw
REDRUM,https://www.youtube.com/channel/UC_4DsT5XsvEv6m-fjbrn3YA,19200,24-08-2024,Aug 23 2024,No,ë“œëŸ¼ 3ì—°ìŒ ì‹±ê¸€ ìŠ¤íŠ¸ë¡œí¬ ê¸°ë³¸ê¸°,"ìŠ¤íŠ¸ë¡œí¬ëŠ” ë“œëŸ¼ ì—°ì£¼ì— ìˆì–´ì„œ ì–´ì°Œë³´ë©´ ê°€ì¥ ì¤‘ìš”í•œ ë¶€ë¶„ì´ë¼ê³  ìƒê°í•©ë‹ˆë‹¤.
ê·¸ ì¤‘ì—ì„œ 3ì—°ìŒ ì—°ìŒ ìŠ¤íŠ¸ë¡œí¬ë¥¼ ì¡°ê¸ˆ ìˆ˜ì›”í•˜ê²Œ ì ‘ê·¼í•˜ì—¬ ì—°ìŠµí•˜ëŠ” ê°„ë‹¨í•œ ë°©ë²•ì„ ì†Œê°œí•©ë‹ˆë‹¤.
ì…ìœ¼ë¡œ ê°™ì´ í•˜ë©´ ë³„ê±° ì•„ë‹Œê±° ê°™ì•„ë„ ê²°ê³¼ê°€ ë” ì¢‹ë‹µë‹ˆë‹¤!
@
#ë“œëŸ¼ì´ˆë³´ #ë“œëŸ¼ë ˆìŠ¨ #ë“œëŸ¼ê¸°ì´ˆ",88,"4,234",https://www.youtube.com/shorts/24DLYgFLBdU,https://i.ytimg.com/vi/24DLYgFLBdU/oardefault.jpg?sqp=-oaymwEdCJUDENAFSFWQAgHyq4qpAwwIARUAAIhCcAHAAQY=&rs=AOn4CLCSUBcjTmxpxdmI3GiJUEYXHidsbQ
ìš°ê¸°ë‹¤,https://www.youtube.com/channel/UCvsXze0AgLGR72OQZJR_r9g,29600,24-08-2024,Mar 18 2024,No,ì™œ ì¤„ì„œëŠ” ì‹ë‹¹? â€˜ê°¸ìš°ëš±â€™ #ëŒ€í•™ë¡œë§›ì§‘ #ì¤„ì„œëŠ”ì‹ë‹¹2 #ì…ì§§ì€í–‡ë‹˜ #ì¤‘ì‹ë‹¹,ì™œ ì¤„ì„œëŠ” ì‹ë‹¹? â€˜ê°¸ìš°ëš±â€™ #ëŒ€í•™ë¡œë§›ì§‘ #ì¤„ì„œëŠ”ì‹ë‹¹2 #ì…ì§§ì€í–‡ë‹˜ #ì¤‘ì‹ë‹¹,6,549,https://www.youtube.com/shorts/o_lSiXdsRWM,https://i.ytimg.com/vi/o_lSiXdsRWM/oardefault.jpg?sqp=-oaymwEdCJUDENAFSFWQAgHyq4qpAwwIARUAAIhCcAHAAQY=&rs=AOn4CLDaq6NYfcApJF_Ryktj2bur6WfHog
í™ë¯¼ë°° TV,https://www.youtube.com/channel/UCJALPwdtkPBvjn5IgW_QaBg,12000,24-08-2024,Jul 15 2024,No,ê´‘ì–‘ì˜ ì•¼ê²½#shorts,"#ê´‘ì–‘ #ì•¼ê²½ #ì´ìˆœì‹ ëŒ€êµ#shorts 
í–‰ìš´ìŠ¤íŠœë””ì˜¤",7,50,https://www.youtube.com/shorts/HGV1Aoc8hE8,https://i.ytimg.com/vi/HGV1Aoc8hE8/oar2.jpg?sqp=-oaymwEdCJUDENAFSFWQAgHyq4qpAwwIARUAAIhCcAHAAQY=&rs=AOn4CLAkD7FGDAHyO6IWu53d8mBNmOii-A
í•œì—¬ë°± é¤˜ç™½,https://www.youtube.com/channel/UCgMk_WpXNn9xEnZ55zbsNcA,29900,24-08-2024,Nov 07 2023,No,I wish I could spend Christmas like KevinğŸ,#shorts #christmas #Home Alone,8,88,https://www.youtube.com/shorts/V2dLG-MLqIU,https://i.ytimg.com/vi/V2dLG-MLqIU/oar2.jpg?sqp=-oaymwEdCJUDENAFSFWQAgHyq4qpAwwIARUAAIhCcAHAAQY=&rs=AOn4CLD7Z_NwDxC5gtGzqEQbFjITQnq9Sg
Rolling Stone Korea,https://www.youtube.com/channel/UChu7d9tG_NVjot8RyZibFNg,17800,24-08-2024,Aug 22 2024,No,ì•¤ë”ìŠ¨ íŒ©ê³¼ ë¡¤ë§ìŠ¤í†¤ ì½”ë¦¬ì•„ê°€ ë“œë””ì–´ ë§Œë‚¬ìŠµë‹ˆë‹¤ ğŸ”¥â¤ï¸ğŸ–¤ #rollingstone #rollingstonekorea #andersonpaak,ì•¤ë”ìŠ¨ íŒ©ê³¼ ë¡¤ë§ìŠ¤í†¤ ì½”ë¦¬ì•„ê°€ ë“œë””ì–´ ë§Œë‚¬ìŠµë‹ˆë‹¤ ğŸ”¥â¤ï¸ğŸ–¤ #rollingstone #rollingstonekorea #andersonpaak,10,119,https://www.youtube.com/shorts/G87H1xhT388,https://i.ytimg.com/vi/G87H1xhT388/oar2.jpg?sqp=-oaymwEdCJUDENAFSFWQAgHyq4qpAwwIARUAAIhCcAHAAQY=&rs=AOn4CLCnz9xSbqJLxB2ZLAZgd2cw8cHkJA
ìš¸ì‚°ë™êµ¬ê¸°íƒ€ì—°êµ¬ì†Œ,https://www.youtube.com/channel/UCqfjeDnuCsTdveHtW_ARPHw,11500,24-08-2024,Jun 28 2024,No,ì˜¤ë«ë™ì•ˆ ê¸°íƒ€ë¥¼ ì•ˆ ì¹  ë• ì¤„ì„ í’€ì–´ë†“ìœ¼ì„¸ìš”,"ë„¤ì´ë²„ ì¹´í˜ http://cafe.naver.com/ulsanguitarjam
ì¸ìŠ¤íƒ€ê·¸ë¨ https://www.instagram.com/guitarssam/

#guitar #shorts",41,"5,211",https://www.youtube.com/shorts/td9hL4cntpo,https://i.ytimg.com/vi/td9hL4cntpo/oar2.jpg?sqp=-oaymwEdCJUDENAFSFWQAgHyq4qpAwwIARUAAIhCcAHAAQY=&rs=AOn4CLCvMcT2GF6flrlkRkHggh02J36AhA
DETEMPO World,https://www.youtube.com/channel/UCelQZJWtSrVuYtEi4HQGouA,6390,24-08-2024,Dec 08 2023,No,"2023, ëŒ€í•œë¯¼êµ­","2023, ëŒ€í•œë¯¼êµ­",22,431,https://www.youtube.com/shorts/EhUedFn4wF4,https://i.ytimg.com/vi/EhUedFn4wF4/oar2.jpg?sqp=-oaymwEdCJUDENAFSFWQAgHyq4qpAwwIARUAAIhCcAHAAQY=&rs=AOn4CLB8OW3GPSxOZrxcBq5nmSimOKZ1lA
greenciel,https://www.youtube.com/channel/UCcESM9OtWr2CsjQCIiv6-Ew,3570,24-08-2024,Aug 19 2024,No,240818 ë‚® ìŠ¤íŒŒì´ ì»¤íŠ¼ì½œ : ì œì´ å½¹ í˜„ì„ì¤€ ë°°ìš°ë‹˜,"240818 ë‚® ìŠ¤íŒŒì´ ì»¤íŠ¼ì½œ : ì œì´ å½¹ í˜„ì„ì¤€ ë°°ìš°ë‹˜
#ë®¤ì§€ì»¬ìŠ¤íŒŒì´ #ì»¤íŠ¼ì½œìœ„í¬ #ì»¤íŠ¼ì½œì—…ë¡œë“œì´ë²¤íŠ¸",1,526,https://www.youtube.com/shorts/vl73s7XGWsA,https://i.ytimg.com/vi/vl73s7XGWsA/oar2.jpg?sqp=-oaymwEdCNAFENAFSFWQAgHyq4qpAwwIARUAAIhCcAHAAQY=&rs=AOn4CLAqndY9D69QbqG-VWE2slvNtpus4g
WiHi OFFICIAL,https://www.youtube.com/channel/UCmb9yWJYqXtx2fT35iw86Cg,30900,24-08-2024,Oct 08 2023,No,Thr Paradice - ì„  #ë“œë¼ì´ë¸Œ #ê°€ì„ê°ì„± #ì‚¬ë‘ #ë¼ì´ë¸Œ,Thr Paradice - ì„  #ë“œë¼ì´ë¸Œ #ê°€ì„ê°ì„± #ì‚¬ë‘ #ë¼ì´ë¸Œ,44,297,https://www.youtube.com/shorts/YdSKelh8GwI,https://i.ytimg.com/vi/YdSKelh8GwI/oar2.jpg?sqp=-oaymwEdCJUDENAFSFWQAgHyq4qpAwwIARUAAIhCcAHAAQY=&rs=AOn4CLBMnPyT8jmAyUiDfNSwdox8KAzHsQ
QUAN Entertainment,https://www.youtube.com/channel/UCdP8SztJpksbhLhDx5RGH0Q,6000,24-08-2024,Apr 29 2024,No,ì§„ì‹¬ì±Œë¦°ì§€ Assemble SERIES 10 #ë³„ #BYUL #ì§„ì‹¬ #MyTruth #ì§„ì‹¬ì±Œë¦°ì§€,ì§„ì‹¬ì±Œë¦°ì§€ Assemble SERIES 10 #ë³„ #BYUL #ì§„ì‹¬ #MyTruth #ì§„ì‹¬ì±Œë¦°ì§€,N/A,132,https://www.youtube.com/shorts/SNvWyDu7yjk,https://i.ytimg.com/vi/SNvWyDu7yjk/oar2.jpg?sqp=-oaymwEdCJUDENAFSFWQAgHyq4qpAwwIARUAAIhCcAHAAQY=&rs=AOn4CLC4O8nWj_OvZYJKtn7YTmb0X_lvFA
ëª¨ë‘ì˜ ìŒì•… ë ˆìŠ¨,https://www.youtube.com/channel/UCW2kRKyH65x0CIprwGxAsIA,10400,24-08-2024,Jun 27 2024,No,#shorts ì´ë¬´ì§„ì˜ ì‹ í˜¸ë“±ì„ í”¼ì•„ë…¸ë¡œ ì¹˜ë©´ ì´ë ‡ê²Œ ë©ë‹ˆë‹¤!!ğŸš¦#kpoppianocover,#kpop #pianoscore #í”¼ì•„ë…¸ì•…ë³´ #ì´ë¬´ì§„ì‹ í˜¸ë“± #ì´ë¬´ì§„ #í”¼ì•„ë…¸ì»¤ë²„ #ì¼€ì´íŒ #í”¼ì•„ë…¸ #í”¼ì•„ë…¸ë ˆìŠ¨ #ì¼€ì´íŒë ˆìŠ¨ #ì¼€ì´íŒ #piano,3,144,https://www.youtube.com/shorts/4n0yPt83G3o,https://i.ytimg.com/vi/4n0yPt83G3o/oar2.jpg?sqp=-oaymwEdCJUDENAFSFWQAgHyq4qpAwwIARUAAIhCcAHAAQY=&rs=AOn4CLCnxi4lUtET_aAihnh-czGGc7yAWQ
ì¹´ë™,https://www.youtube.com/channel/UClLUuzLV9xuibdFT0LoohcA,66700,24-08-2024,Nov 09 2023,No,ê³¼ë‹ˆë°œì˜ ì¹´ë‹ˆë°œ ë¦¬ì¦ˆì‹œì ˆ,"#shorts #ì¹´ë‹ˆë°œí˜ì´ìŠ¤ë¦¬í”„íŠ¸ #ë”ë‰´ì¹´ë‹ˆë°œ #ì¹´ë‹ˆë°œ
[ìŠ¬ê¸°ë¡œìš´ ë™í˜¸íšŒìƒí™œ]
ì§ˆì„œì •ì—°í•˜ê³  ì¦ê±°ìš´ ìë™ì°¨ë¬¸í™”ë¥¼ ë§Œë“¤ê¸°ìœ„í•´ ë…¸ë ¥í•˜ê² ìŠµë‹ˆë‹¤
.
[í›„ì›]
ì‹ ì°¨ê²¬ì , ì¥ê¸°ë ŒíŠ¸, ë¦¬ìŠ¤, ìë™ì°¨í• ë¶€ ëª¨~ë‘
ì¹´ë“œì‚¬ë³„ë¡œ ì§ì ‘ ë¹„êµí•˜ì§€ì•Šê³  í•œ ëˆˆì— ë³¼ ìˆ˜ ìˆëŠ” 'ì¹´ë™'ì—ì„œ í•´ê²°í•˜ì„¸ìš”!
ğŸ”½ğŸ”½ì¹´ë™ í™ˆí˜ì´ì§€ğŸ”½ğŸ”½
http://www.cardong.co.kr/
.
ê´‘ê³ /í˜‘ì°¬ ë¬¸ì˜
= chspd0336@naver.com
.
ê·€ìš”ë¯¸ ìµœPD ì¸ìŠ¤íƒ€: 
= https://www.instagram.com/seorofilm_1993/",36,"5,475",https://www.youtube.com/shorts/-_ptmqY9AOE,https://i.ytimg.com/vi/-_ptmqY9AOE/oar2.jpg?sqp=-oaymwEdCJUDENAFSFWQAgHyq4qpAwwIARUAAIhCcAHAAQY=&rs=AOn4CLC9zFzghvcfhGVPxOqQN22N4ZpmmQ
ë©ˆë¸”ë§ mumbling,https://www.youtube.com/channel/UCZ3Jqf5aDyqSD1y9G_m2h-Q,3260,24-08-2024,Dec 24 2023,No,ë¼ë‚˜ê°€ í¬ë¦¬ìŠ¤ë§ˆìŠ¤ ì•¨ë²” ë‚´ì¤„ ë•Œê¹Œì§€ ìˆ¨ ì°¸ìŒ!!ğŸ„âœ¨,"ì›ë³¸ì˜ìƒ(Original video)â˜https://youtu.be/qhN5Y31EoUM?si=tBSn0Uzmwty-dUh7

#shorts #ë¼ë‚˜ë¸ë ˆì´ #ìºë¡¤ #í¬ë¦¬ìŠ¤ë§ˆìŠ¤ #lanadelrey #santababy",11,86,https://www.youtube.com/shorts/0JBJ-FluZvY,https://i.ytimg.com/vi/0JBJ-FluZvY/oar2.jpg?sqp=-oaymwEdCJUDENAFSFWQAgHyq4qpAwwIARUAAIhCcAHAAQY=&rs=AOn4CLBjLWFO3kSlLs2EgpWQYuNiFCVxzA
ê·¸ë£¹ì—  GroupM,https://www.youtube.com/channel/UCqR4bW5mfQ9w2DLAIa2xYHQ,19100,24-08-2024,May 11 2024,No,Welcome to the Show / DAY6 / (ì—°ìŠµ Cover by GroupM),DAY6 - Welcome to the Show,9,157,https://www.youtube.com/shorts/pICI8yyH0yk,https://i.ytimg.com/vi_webp/pICI8yyH0yk/oar2.webp
ë°•ëª…ì›ì˜ íŠ¸ë¡¯ì„¸ìƒ,https://www.youtube.com/channel/UCQyj7r6ZA-HRyWb-YNJ4WnQ,203000,24-08-2024,Aug 23 2024,No,ì°¸ì™¸ ë†ì‚¬ ë°±ì ï¿¼,ì°¸ì™¸ ë†ì‚¬ ë°±ì ï¿¼,N/A,"1,862",https://www.youtube.com/shorts/qFSz6TPUCxI,https://i.ytimg.com/vi/qFSz6TPUCxI/oar2.jpg?sqp=-oaymwEdCJUDENAFSFWQAgHyq4qpAwwIARUAAIhCcAHAAQY=&rs=AOn4CLB1yGHGm6wMW5GAHBTm98dvxjWwVQ
Rockin'KOREA,https://www.youtube.com/channel/UCTgd9p73SHJcJfvDEVB95_Q,4250,24-08-2024,Aug 13 2024,No,GUYZ ì¶œì—° ê³µì§€!!! | 2024 Busan International Rock Festival (2024 ë¶€ì‚°êµ­ì œë¡í˜ìŠ¤í‹°ë²Œ),"2024 ë¶€ì‚°êµ­ì œë¡í˜ìŠ¤í‹°ë²Œ GUYZ ì¶œì—°!
â€»GUYZ ì¶œì—° ì¼ì : 2024.10.6(ì¼)
@guyzofficial
#GUYZ #ê°€ì´ì¦ˆ

â–  2024 ë¶€ì‚°êµ­ì œë¡í˜ìŠ¤í‹°ë²Œ
- ì¼ì‹œ : 2024. 10. 4.(ê¸ˆ) ~ 10. 6.(ì¼), 3ì¼ê°„
- ì¥ì†Œ : ì‚¼ë½ìƒíƒœê³µì›
- ë§í¬ : https://busanrockfestival.com/

â–  ì •ê·œ í‹°ì¼“ ì˜ˆë§¤
- ê°€ê²© : 3ì¼ê¶Œ 232,000ì› / 2ì¼ê¶Œ 165,000~176,000ì› / 1ì¼ê¶Œ 99,000~110,000ì›
- ì˜ˆë§¤ì²˜ : YES24 í‹°ì¼“ (ë‹¨ë…)
- ë§í¬ : http://ticket.yes24.com/Perf/49826
* ë³¸ í‹°ì¼“ì€ í•œì •ìˆ˜ëŸ‰ìœ¼ë¡œ íŒë§¤ë˜ë©°, ì†Œì§„ì‹œ ìë™ ë§ˆê°ë©ë‹ˆë‹¤.
* ìì„¸í•œ ì‚¬í•­ì€ í‹°ì¼“ ì•ˆë‚´ë¬¸ì„ í†µí•´ í™•ì¸í•˜ì‹¤ ìˆ˜ ìˆìŠµë‹ˆë‹¤.
 
...more",2,95,https://www.youtube.com/shorts/ng6S8BDmK-M,https://i.ytimg.com/vi/ng6S8BDmK-M/oar2.jpg?sqp=-oaymwEdCNAFENAFSFWQAgHyq4qpAwwIARUAAIhCcAHAAQY=&rs=AOn4CLA4ulg0YUSGzXc0yCLskQSPgLkJNA
RosÃ©'s Avocadoâ„¢,https://www.youtube.com/channel/UCkec7sZvOjaEDpxGW0g-IAw,3020,24-08-2024,Feb 29 2024,No,Jennie solo 1B views ğŸ¥³ğŸ‰ #jennie#blackpink#fyp#foryou#jenniesolo#solo#shorts#viral#fypã‚·,Jennie solo 1B views ğŸ¥³ğŸ‰ #jennie#blackpink#fyp#foryou#jenniesolo#solo#shorts#viral#fypã‚·,6,139,https://www.youtube.com/shorts/OIAk-YNe3Sk,https://i.ytimg.com/vi/OIAk-YNe3Sk/oar2.jpg?sqp=-oaymwEdCJUDENAFSFWQAgHyq4qpAwwIARUAAIhCcAHAAQY=&rs=AOn4CLCd20vnNTH9y9JlC0zdEh2CMuAGPg
ELCANTO(ì—˜ì¹¸í† ),https://www.youtube.com/channel/UC3QWksal35X_nSXE8jC59_A,6920,24-08-2024,Aug 21 2024,No,INTENSE with @zyoo_days,"ë‹¤ê°€ì˜¬ ê°€ì„ì„ ìœ„í•´ ë§¤ë ¥ì ì¸ í¬ë¦¬ì—ì´í„°
ì§€ìœ  ë‹˜ê³¼ í•¨ê»˜í•œ #ì¸í…ìŠ¤ ë¡œí¼ LCWC39I339 ìŠ¤íƒ€ì¼ë§!

ì§€ìœ  ë‹˜ ì½”ë””ì²˜ëŸ¼ ê·€ì—¬ìš°ë©´ì„œ íŠ¸ë Œë””í•œ ë¶„ìœ„ê¸°ë¥¼ ë‹´ì€
ì¸í…ìŠ¤ ë¡œí¼ë¡œ ì´ë²ˆ ê°€ì„ í•„ìˆ˜í…œ! ì¤€ë¹„í•˜ê¸°-

ì§€ê¸ˆ ë°”ë¡œ í”„ë¡œí•„ ë§í¬ë¥¼ í´ë¦­í•˜ê³  ê·€ì—¬ìš´ ì¸í…ìŠ¤ ë¡œí¼ë¥¼ ë§Œë‚˜ë³´ì„¸ìš”!",9,458,https://www.youtube.com/shorts/1CZy5UesxWM,https://i.ytimg.com/vi/1CZy5UesxWM/oar2.jpg?sqp=-oaymwEdCJUDENAFSFWQAgHyq4qpAwwIARUAAIhCcAHAAQY=&rs=AOn4CLDZw9u-RxyjjgUZ1veTur2rhCmiMg
ì•„ì´ì»¨íƒ,https://www.youtube.com/channel/UCRQ7RwBktFm7MZCvLDNF7KA,5010,24-08-2024,May 16 2024,No,"ë®¤ì§€ì»¬ 'ë””ì–´ ì—ë°˜ í•¸ìŠ¨' ä¸­ ê¹€ì„±ê·œ, ê°•ì§€í˜œ - If I Could Tell Her","ì˜ìƒì œê³µ : ì—ìŠ¤ì•¤ì½”

ë®¤ì§€ì»¬ 'ë””ì–´ ì—ë°˜ í•¸ìŠ¨'
ì¼ì‹œ : 2014.03.28.(ëª©) ~ 2024.06.23.(ì¼)
ì¥ì†Œ : ì¶©ë¬´ì•„íŠ¸ì„¼í„° ëŒ€ê·¹ì¥

ì¸ìŠ¤íƒ€ê·¸ë¨ ğŸ‘‰ https://www.instagram.com/team_eyecontact/
íŠ¸ìœ„í„° ğŸ‘‰ https://twitter.com/team_eyecontact

Copyright â“’ ì•„ì´ì»¨íƒ. All rights reserved. ë¬´ë‹¨ ì „ì¬, ì¬ë°°í¬ ë° AIí•™ìŠµ ì´ìš© ê¸ˆì§€",257,"3,506",https://www.youtube.com/shorts/rlCAuLG62jE,https://i.ytimg.com/vi/rlCAuLG62jE/oar2.jpg?sqp=-oaymwEdCJUDENAFSFWQAgHyq4qpAwwIARUAAIhCcAHAAQY=&rs=AOn4CLCkayJHdhf7fBWUaBswy1bRyjPfYQ
ì‹ ì¼ì„­,https://www.youtube.com/channel/UCr_hY8M9VvgP4MGWeaFil5g,2840,24-08-2024,May 30 2024,No,REDROOM Itaewon,Inside of REDROOM Itaewon,1,29,https://www.youtube.com/shorts/WYNgpurxDmk,https://i.ytimg.com/vi/WYNgpurxDmk/oar2.jpg?sqp=-oaymwEdCJUDENAFSFWQAgHyq4qpAwwIARUAAIhCcAHAAQY=&rs=AOn4CLBuBdm8EJk3010FJAgA1TxhAnnAOA
choyongkap_opera_shool,https://www.youtube.com/channel/UCyxG6cI-7CuFVaZgHPYHHPA,8980,24-08-2024,Oct 02 2023,No,#ë ˆìŠ¨í‹°ì¹­ì‹¤í™© #ì”í–¥ #í…Œë„ˆí•œì§€í›ˆì„ ìƒë‹˜,"#shorts #ë ˆìŠ¨í‹°ì¹­ì‹¤í™© #ì”í–¥  #í…Œë„ˆí•œì§€í›ˆì„ ìƒë‹˜

-----------------------------------------------------
â–¶í…Œë„ˆì¡°ìš©ê°‘TV (ë¬´ë£Œ) êµ¬ë…í•˜ê¸°(í´ë¦­)
 https://bit.ly/2Tm1kQg

â–¶ì¡°ìš©ê°‘ì„±ì•…ìŠ¤ì¿¨ (ë¬´ë£Œ) êµ¬ë…í•˜ê¸°(í´ë¦­)
 https://bit.ly/2LNvSWQ

â–¶https://open.kakao.com/o/siaE837b
ì„±ì•…ìŠ¤ì¿¨ ì¹´ì¹´ì˜¤í†¡ì˜¤í”ˆì±„íŒ…

â–¶https://blog.naver.com/coanto 
í…Œë„ˆì¡°ìš©ê°‘ ë„¤ì´ë²„ ë¸”ë¡œê·¸
----------------------------------------------------------

ê¸°ì´ˆì„±ì•…ë ˆìŠ¨, ì·¨ë¯¸ì„±ì•…ë ˆìŠ¨, ì§ì¥ì¸ ì„±ì•…ë ˆìŠ¨
ë®¤ì§€ì»¬ë ˆìŠ¨, ê°€ìš”ë ˆìŠ¨, êµíšŒì„±ê°€ê³¡ë ˆìŠ¨. ê°•ë‚¨ì„±ì•…ë ˆìŠ¨.  
...more",36,"1,665",https://www.youtube.com/shorts/a7iK5_2n2EI,https://i.ytimg.com/vi/a7iK5_2n2EI/oar2.jpg?sqp=-oaymwEdCJUDENAFSFWQAgHyq4qpAwwIARUAAIhCcAHAAQY=&rs=AOn4CLAsMGgD43-dggQV9-vtkQ4NwnVdjw
DJë“œë¹Œë§ˆìŠ¤í„°,https://www.youtube.com/channel/UChlRFn7WVJVMSILvcz8AayA,3490,24-08-2024,Jun 23 2024,No,çµ„ç¹”ã®ãƒœã‚¹,"#shorts 

ì´ì–´í°ë˜ëŠ” í—¤ë“œì…‹ìœ¼ë¡œ ë“¤ìœ¼ì‹œë©´ ë” ì¢‹ì€ ì‚¬ìš´ë“œê°€ ë“¤ì„ìˆ˜ ìˆìŠµë‹ˆë‹¤
ì•…ë³´ì œì‘ë° ë“œëŸ¼ì»¤ë²„ ë¬¸ì˜: quswoals953@naver.com
1ëŒ€1 ì¹´í†¡ë°©(DJë“œë¹Œë§ˆìŠ¤í„°): https://open.kakao.com/o/sLt88Qw
NWC Technical: http://cafe.naver.com/pkmusic
DJë“œë¹Œë§ˆìŠ¤í„° ì‚¬ì´íŠ¸: https://quswoals953.wixsite.com/djemqlf
íŠ¸ìœ„ì¹˜: https://go.twitch.tv/quswoals953
íŠ¸ìœ„í„°(X): https://twitter.com/quswoals9531",0,7,https://www.youtube.com/shorts/K3irsJzz0lw,https://i.ytimg.com/vi/K3irsJzz0lw/oar2.jpg?sqp=-oaymwEdCJUDENAFSFWQAgHyq4qpAwwIARUAAIhCcAHAAQY=&rs=AOn4CLDZ909DOJQnhq9OCVDC6hi_EFuKtA
I love you !,https://www.youtube.com/channel/UCT2ViYXbtJ-r8i9TnxPjqkA,3310,24-08-2024,Jul 15 2024,No,í‘¸ë¥¸ ì‚°í˜¸ì´ˆ cover,í‘¸ë¥¸ ì‚°í˜¸ì´ˆ cover,7,438,https://www.youtube.com/shorts/37Awc0K8WMc,https://i.ytimg.com/vi/37Awc0K8WMc/oar2.jpg?sqp=-oaymwEdCJUDENAFSFWQAgHyq4qpAwwIARUAAIhCcAHAAQY=&rs=AOn4CLC1eYcDi5zDBAqdpEM0VnmgzL8c2A
ë£¨ë¯¼Lumin,https://www.youtube.com/channel/UCI1yiw8tCohHKer33je8KBQ,2070,24-08-2024,Apr 26 2024,No,ì¶”ì–µì˜ í¬ì¼“ëª¬ìŠ¤í„° BW2 BGM(ìŠ¤ì¹´ì´ì• ë¡œ ë¸Œë¦¿ì§€),ì¶”ì–µì˜ í¬ì¼“ëª¬ìŠ¤í„° BW2 BGM(ìŠ¤ì¹´ì´ì• ë¡œ ë¸Œë¦¿ì§€),7,95,https://www.youtube.com/shorts/Adv_eGIQheU,https://i.ytimg.com/vi/Adv_eGIQheU/oar2.jpg?sqp=-oaymwEdCJUDENAFSFWQAgHyq4qpAwwIARUAAIhCcAHAAQY=&rs=AOn4CLAVCjBoRT4FxofWMgoZvbzG7N151w
ì„ í…Œì´ SUNTEI,https://www.youtube.com/channel/UC-4uuOgNav04iHRjjh7B82g,2330,24-08-2024,Aug 23 2024,No,í˜¸í…Œì¼ë¦¿,í˜¸í…Œì¼ë¦¿,0,50,https://www.youtube.com/shorts/Puf-WDV3W8k,https://i.ytimg.com/vi/Puf-WDV3W8k/oardefault.jpg?sqp=-oaymwEdCOgCENAFSFWQAgHyq4qpAwwIARUAAIhCcAHAAQY=&rs=AOn4CLCCTg8GuWDVI1vpSVgMEe6ujpey0A
DIWI_TV,https://www.youtube.com/channel/UC093i7Ek878xs9dsXOeMaag,2270,24-08-2024,Oct 09 2023,No,à¶šà·œà¶½à·Šà¶½à·œ à¶šà·™à¶½à·Šà¶½ à·€à·’à¶­à¶»à¶šà·Š à¶¸à·™à¶±à·Šà¶± à¶¢à¶±à¶´à·Šâ€à¶»à·’à¶º à·ƒà¶‚à¶œà·“à¶­ à·€à·šà·€à· à¶­à¶¸à¶ºà·’,à¶šà·œà¶½à·Šà¶½à·œ à¶šà·™à¶½à·Šà¶½ à·€à·’à¶­à¶»à¶šà·Š à¶¸à·™à¶±à·Šà¶± à¶¢à¶±à¶´à·Šâ€à¶»à·’à¶º à·ƒà¶‚à¶œà·“à¶­ à·€à·šà·€à· à¶­à¶¸à¶ºà·’,N/A,16,https://www.youtube.com/shorts/MxRK3vGaAMg,https://i.ytimg.com/vi/MxRK3vGaAMg/hq720.jpg?sqp=-oaymwEdCJUDENAFSFXyq4qpAw8IARUAAIhCcAHAAQbQAQE=&rs=AOn4CLBiwVizWb_ENQX2v1TUj2USACQniA
schleezer,https://www.youtube.com/channel/UCaqbyvvdUP9oxFG-dUl6cnA,5090,24-08-2024,Jan 18 2024,No,"4,900 won fried chicken for 4,900 subs!","4,900 won fried chicken for 4,900 subs!",8,123,https://www.youtube.com/shorts/jYxNK8P1-Zc,https://i.ytimg.com/vi/jYxNK8P1-Zc/oar2.jpg?sqp=-oaymwEdCJUDENAFSFWQAgHyq4qpAwwIARUAAIhCcAHAAQY=&rs=AOn4CLB6aCm12BHRPvWzDAo50ee5V82D1w
ì •ìƒ¤ë¡  ChungSharon,https://www.youtube.com/channel/UCPAIlSugRLwMrAk89arrLdg,3150,24-08-2024,Jul 24 2024,No,#highwater #highwatercover #torikelly #chungsharon #ì •ìƒ¤ë¡  #ë…¸ë˜ #ë…¸ë˜ì»¤ë²„,#highwater #highwatercover #torikelly #chungsharon #ì •ìƒ¤ë¡  #ë…¸ë˜ #ë…¸ë˜ì»¤ë²„,23,164,https://www.youtube.com/shorts/9JCWxP1dv2A,https://i.ytimg.com/vi/9JCWxP1dv2A/oardefault.jpg?sqp=-oaymwEdCJUDENAFSFWQAgHyq4qpAwwIARUAAIhCcAHAAQY=&rs=AOn4CLCIQ4XWOiMrx8ylXX4zfLGSjdWq2Q
íë§í”Œë£» HealingFlute,https://www.youtube.com/channel/UC3GRYJqvRUnCZE8onqjV4kQ,5860,24-08-2024,Aug 22 2024,No,#í† ì›”ê³ ë“±í•™êµ ì—°ì£¼ '#ëˆˆë¬¼ì˜ì—¬ì™•' ì•ˆí–ˆìŒ ì–´ì©”ë»”!!! ì²¼ë¡œìŒ¤ì˜ #ì„êµ¬ë¯¸ëª¨â¤ï¸ #ì—íŠ¸ì™ˆíŠ¸ë¦¬ì˜¤ #íë§í”Œë£» #healingflute #ë¯¸ì•ˆí•´ë¯¸ì›Œí•´ì‚¬ë‘í•´,#í† ì›”ê³ ë“±í•™êµ ì—°ì£¼ '#ëˆˆë¬¼ì˜ì—¬ì™•' ì•ˆí–ˆìŒ ì–´ì©”ë»”!!! ì²¼ë¡œìŒ¤ì˜ #ì„êµ¬ë¯¸ëª¨â¤ï¸ #ì—íŠ¸ì™ˆíŠ¸ë¦¬ì˜¤ #íë§í”Œë£» #healingflute #ë¯¸ì•ˆí•´ë¯¸ì›Œí•´ì‚¬ë‘í•´,23,"1,275",https://www.youtube.com/shorts/ily3_9LJ_jk,https://i.ytimg.com/vi/ily3_9LJ_jk/oar2.jpg?sqp=-oaymwEdCJUDENAFSFWQAgHyq4qpAwwIARUAAIhCcAHAAQY=&rs=AOn4CLCci3sw91n7N63vlW6ajc-LuwzamA
ê¸°íƒ€í›ˆë ¨ì†ŒHell Guitar,https://www.youtube.com/channel/UCF9H12_nEf_TjgJJegSkJmQ,3000,24-08-2024,Apr 05 2024,No,ê¸°íƒ€ë¦¬í”„ê°€ ë©‹ì§„ EDM ê³¡,Madeon #funkguitar #madeon,11,408,https://www.youtube.com/shorts/JOk8qhR5kQQ,https://i.ytimg.com/vi/JOk8qhR5kQQ/oar2.jpg?sqp=-oaymwEdCJUDENAFSFWQAgHyq4qpAwwIARUAAIhCcAHAAQY=&rs=AOn4CLDGAvtWsopUwvsXpRM8m9hf-GcDCg
ê°€ìˆ˜ì§€ì„ ğŸ”´ì§„ì‹¤ğŸ”´KíŠ¸ë¡œíŠ¸ì¨ë‹ˆë¼ì´ë¸Œì¼ìš”ì¼ì˜¤í›„3ì‹œ,https://www.youtube.com/channel/UCIkEEa_4pXXxyYMYt0nNo8Q,17700,24-08-2024,Aug 21 2024,No,ì²­ì‚°ìœ ìˆ˜#ë””ìŠ¤ì½” í´ì¹´,"ğŸ¶ê¹€í•´ì‹œ ê°€ìˆ˜ì§€ì„  ë³´ëŸ¬ì˜¤ì„¸ìš”ğŸ¤
ğŸ”Šê²½ë‚¨  ë´‰ì‚¬í™œë™/ì¶•í•˜/ì—°íšŒ/ì†Œí˜•í–‰ì‚¬ ë¬¸ì˜ 010.4594.8947
ğŸ’Œì§€ì„ ì´ë¥¼ ì‚¬ë‘í•´ ì£¼ì‹ ë¶„ë“¤ê»˜ ì§„ì‹¬ìœ¼ë¡œ ê°ì‚¬ë“œë¦½ë‹ˆë‹¤ğŸ’•
#shorts",22,497,https://www.youtube.com/shorts/yKjV93cmQpA,https://i.ytimg.com/vi/yKjV93cmQpA/oar2.jpg?sqp=-oaymwEdCJUDENAFSFWQAgHyq4qpAwwIARUAAIhCcAHAAQY=&rs=AOn4CLC3E0BgdpeX2EzvOtBrt32GvPZkkw
ë ˆíŠ¸ë¡œ í´ë˜ì‹ Retro Classic [Official],https://www.youtube.com/channel/UCC8BO9pha9QF-41GuATlz_A,4150,24-08-2024,Apr 09 2024,No,[1 minute] Time filled with regrets_feat.Yoon Yeo-gyu #Shorts #retroclassic #ë…¸ë˜ #retromusic,"ROCK OF RETRO CLASSIC VOL.3
Time filled with regrets #Shorts

Compose & Arrange Kim Jae-hong
Lyric Kim Ki-hong,Su sa-gwan
Bass & E.Piano Kim Jae-hong
E.Guitar Kim Ki-hong
Drum Park Gye-soo
Chorus Yoon Yeo-gyu,Kim Ki-hong
Mixing&Mastering Kim Ki-hong
Music Video Director Han Sang-jin
Designed by Park Song-yi
Feat. Yoon Yeo-gyu

Apple.music
https://music.apple.com/us/artist/retro-classic/1561794266
Melon
https://www.melon.com/artist/timeline.htm?artistId=27 
...more",20,124,https://www.youtube.com/shorts/wvoOf7YGLak,https://i.ytimg.com/vi/wvoOf7YGLak/oar2.jpg?sqp=-oaymwEdCJUDENAFSFWQAgHyq4qpAwwIARUAAIhCcAHAAQY=&rs=AOn4CLA07O_bFqzKsDmPlOywxAcxSc_dMg
ì˜¨ë„¤ (onnae),https://www.youtube.com/channel/UCOViGHc09_P0WsMWPpb0_NQ,4090,24-08-2024,Jul 30 2024,No,too sad to cry #ìš°ìš¸ì¦ #live #livecover #vtuber #ë²„íŠœë²„ #ë³´ì»¬ #ë³´ì»¬íŠ¸ë ˆì´ë‹,too sad to cry #ìš°ìš¸ì¦ #live #livecover #vtuber #ë²„íŠœë²„ #ë³´ì»¬ #ë³´ì»¬íŠ¸ë ˆì´ë‹,54,591,https://www.youtube.com/shorts/07iWDvOg4vc,https://i.ytimg.com/vi/07iWDvOg4vc/oar2.jpg?sqp=-oaymwEdCJUDENAFSFWQAgHyq4qpAwwIARUAAIhCcAHAAQY=&rs=AOn4CLANOfGnazfojzKf71JNihwqH3Ai-w
Snikio,https://www.youtube.com/channel/UCcZpohY7Kj5jmaJii51Ai-Q,1680,24-08-2024,Jun 19 2024,No,I saw Billie Eilish & Jennie!!!,I saw Billie Eilish & Jennie!!!,3,141,https://www.youtube.com/shorts/C2C8jQm9QGE,https://i.ytimg.com/vi/C2C8jQm9QGE/oardefault.jpg?sqp=-oaymwEdCJUDENAFSFWQAgHyq4qpAwwIARUAAIhCcAHAAQY=&rs=AOn4CLCN72ujz7JwTAmfmWI1ahaTHTCRLw
ğŸŒˆ ê°•ì´ë‘TV,https://www.youtube.com/channel/UCMGDMRnIk-xATeUheOY_3HA,19200,24-08-2024,Jul 12 2024,No,ìš¸ë‹¤ ëš!!! Oh!!! #shorts,ìš¸ë‹¤ ëš!!! Oh!!! #shorts,67,"7,012",https://www.youtube.com/shorts/wx3wUZwcYKw,https://i.ytimg.com/vi/wx3wUZwcYKw/oardefault.jpg?sqp=-oaymwEdCJUDENAFSFWQAgHyq4qpAwwIARUAAIhCcAHAAQY=&rs=AOn4CLB1V4ssJuE12FFcMdFx56D3lw_cyg
ê¸°ëªŒ,https://www.youtube.com/channel/UCLKzW_9rGmU0WluABFNYkTw,10000,24-08-2024,Aug 05 2024,No,ê¹€ì¶”ë¦¬-ë©‹ì§€ë‹¤ MV,"ê¹€ì¶”ë¦¬-ë©‹ì§€ë‹¤ @churi.smas 
ìš°ë¦¬ ì¶”ë¦¬ ì–¸ë‹ˆê°€ 
í…Œí¬ë…¸í’ì˜ ì‹ ë‚˜ëŠ” ëŒ„ìŠ¤ íŠ¸ë¡œíŠ¸ â€™ë©‹ì§€ë‹¤â€˜ë¥¼ ë°œë§¤í–ˆì–´ìš©!
ì´ë²ˆ ì‹ ê³¡ â€™ë©‹ì§€ë‹¤â€˜ëŠ”
ê°ë°•í•œ í˜„ëŒ€ ìƒí™œ ì†ì—ì„œë„ 
ê°ìì˜ ê¸¸ ì•ˆì—ì„œ ìµœì„ ì„ ë‹¤í•˜ë©° ì‚´ì•„ê°€ê³  ìˆëŠ” 
ëª¨ë“  ì´ë“¤ì—ê²Œ ë˜ì§€ëŠ” ì‘ì›ê°€&íë§ì†¡ ì´ì˜ˆìš”!
ë‚˜ í•˜ë‚˜ë§Œ ìƒê°í•˜ëŠ” ê²ƒì´ ì•„ë‹Œ 
ìš°ë¦¬ë¥¼ ë¨¼ì € ìƒê°í•˜ê³  
íƒ€ì¸ì˜ ì–´ë ¤ì›€ì„ ê·¸ëƒ¥ ì§€ë‚˜ì¹˜ì§€ ì•ŠëŠ” 
ìš°ë¦¬ ëŒ€í•œë¯¼êµ­ êµ­ë¯¼ë“¤ì„ ìœ„í•´ 
ì¡´ì¤‘ê³¼ ì¡´ê²½ìœ¼ë¡œ ë°”ì¹˜ëŠ” í—Œì •ê°€ ì´ê¸°ë„ í•©ë‹ˆë‹¹!
ì„ í•˜ê³  ì°©í•œ ì‚¬ëŒì´ ì„±ê³µí•˜ê³  ì¸ì •ë°›ëŠ” ì‹œëŒ€ê°€ ì˜¨ë‹¤! ğŸ‘ğŸ»âœ¨

ê·¸ë¦¬ê³  ë§ˆì§€ë§‰ìœ¼ë¡œ
ê°ì‚¬í•˜ê²Œë„ ì´ ë©‹ì§„ MVì— ì €ë„ ì‚´ì§ ì¶œì—°í•˜ê²Œ ë˜ì—ˆì–´ìš©! ğŸ¥°
ì§€ê¸ˆ ë°”ë¡œ ë§ì€ ìŠ¤ë°&ì‹œì²­ ë¶€íƒë“œë¦½ë‹ˆë‹¹! ğŸ™‡ğŸ»â€â™€ï¸â¤ï¸â€ğŸ”¥
ë©‹ì§€ë‹¤! ê¹€ì¶”ë¦¬! 
...more",7,345,https://www.youtube.com/shorts/mWcQUu-dQO8,https://i.ytimg.com/vi/mWcQUu-dQO8/oardefault.jpg?sqp=-oaymwEdCJUDENAFSFWQAgHyq4qpAwwIARUAAIhCcAHAAQY=&rs=AOn4CLCYlQiOeAHmAfVdcCaVFs-OLBKrUA
Adi Raana,https://www.youtube.com/channel/UCCTLsljio-AbQIohtRqTnCg,5690,24-08-2024,Jul 22 2024,No,Nikki Glaser roasted Kevin Hart. #nikkiglaser #kevinhart #funnyshorts #funnyroast #roasted #youtube,Nikki Glaser roasted Kevin Hart. #nikkiglaser #kevinhart #funnyshorts #funnyroast #roasted #youtube,178,"17,167",https://www.youtube.com/shorts/0E024YNPqz8,https://i.ytimg.com/vi/0E024YNPqz8/oar2.jpg?sqp=-oaymwEdCJUDENAFSFWQAgHyq4qpAwwIARUAAIhCcAHAAQY=&rs=AOn4CLDBD5oQ2sZe2eWpiWUG3K7h-jMZgA
SMiLEY,https://www.youtube.com/channel/UCn6CsMi-dllg04cfyuDIY7Q,12800,24-08-2024,Aug 19 2024,No,#shorts ILLITS - Magnetic (SMiLEY REMiX),":D


===============================================

Smiley:
Instagram | https://www.instagram.com/musicbysmiley/
Twitter | https://twitter.com/Smiley_atelier
Contact | smiley8466@naver.com

===============================================

Music Copyright â“’ Smiley",7,119,https://www.youtube.com/shorts/k3A-W4s17Dw,https://i.ytimg.com/vi/k3A-W4s17Dw/oar2.jpg?sqp=-oaymwEdCMAEENAFSFWQAgHyq4qpAwwIARUAAIhCcAHAAQY=&rs=AOn4CLDar3zQocDjDkILY2GwM30ibfsNew
ê¹€í˜„ì§ KIM HYUN JIK,https://www.youtube.com/channel/UCZ3kd0i4XnImFG_gkbcbcLw,1470,24-08-2024,Aug 13 2024,No,[D-7] 2024.8.20. Single â€œ8760hâ€. #shorts,[D-7] 2024.8.20. Single â€œ8760hâ€. #shorts,0,14,https://www.youtube.com/shorts/TZx7sKACxN8,https://i.ytimg.com/vi/TZx7sKACxN8/oar2.jpg?sqp=-oaymwEdCJUDENAFSFWQAgHyq4qpAwwIARUAAIhCcAHAAQY=&rs=AOn4CLAOxQ4oIUpA5HCpULVtl1i3ISo3yw
DRUM KOREA,https://www.youtube.com/channel/UC7ugrDWBUbebw5AzZ-WKmVg,1600,24-08-2024,Aug 07 2024,No,DRUMKOREA íƒë°° í¬ì¥ GO GO,DRUMKOREA íƒë°° í¬ì¥ GO GO,7,472,https://www.youtube.com/shorts/xk3JDKbcZi0,https://i.ytimg.com/vi/xk3JDKbcZi0/oar2.jpg?sqp=-oaymwEdCJUDENAFSFWQAgHyq4qpAwwIARUAAIhCcAHAAQY=&rs=AOn4CLAMqCXxx2aycJZM67Xyty1vDa8A2Q
ONLY OPBR,https://www.youtube.com/channel/UCz3X6b0jAC7hvZKFFxtnEMg,3110,24-08-2024,Oct 18 2023,No,PIRATE KING GOL D. ROGER ğŸ”¥,"PIRATE KING GOL D. ROGER ğŸ”¥
Games
One Piece Bounty Rush
2018
Gaming",28,433,https://www.youtube.com/shorts/znH2Waby5Z4,https://i.ytimg.com/vi/znH2Waby5Z4/hq720.jpg?sqp=-oaymwEdCJUDENAFSFXyq4qpAw8IARUAAIhCcAHAAQbQAQE=&rs=AOn4CLDtHHW2Gnd3MWRBp_-RPQa4MWDMPA
Dear SangHee,https://www.youtube.com/channel/UCptmwECJv8iud2hcBBeOYBg,4230,24-08-2024,May 10 2024,No,#ìµœìœ ë¦¬ #í‘¸ë… #cover #ë…¸ë˜ì»¤ë²„,#ìµœìœ ë¦¬ #í‘¸ë… #cover #ë…¸ë˜ì»¤ë²„,12,171,https://www.youtube.com/shorts/CvfBEw8grLw,https://i.ytimg.com/vi/CvfBEw8grLw/oardefault.jpg?sqp=-oaymwEdCJUDENAFSFWQAgHyq4qpAwwIARUAAIhCcAHAAQY=&rs=AOn4CLAMDrJyMLolh5dtVhf0Fzbko5iG2w
ìŠ¤í‹° STi,https://www.youtube.com/channel/UChWlCHFdr2PyjRlpV80gfgA,1400,24-08-2024,Aug 02 2024,No,"[Teaser] ìŠ¤í‹°(STi) - ì‹œì„ (Sea, Sun)","[Teaser] ìŠ¤í‹°(STi) - ì‹œì„ (Sea, Sun)

â–¶Melon : https://www.melon.com/album/detail.htm?albumId=11558174
â–¶Bugs : https://music.bugs.co.kr/album/4104857
â–¶iTunes : https://music.apple.com/us/album/sea-sun-single/1759947316
â–¶Spotify : http://open.spotify.com/album/7gfu2bKIYc6qLTlaOupMCI

Singer-Song Writer, STi :
â–¶Facebook : https://www.facebook.com/artisti7777
â–¶Instagram : https://www.instagram.com/artisti7777
â–¶YouTube : https://www.youtube.com/artisti7777",11,56,https://www.youtube.com/shorts/-CD57OB2c_c,https://i.ytimg.com/vi/-CD57OB2c_c/oar2.jpg?sqp=-oaymwEdCJUDENAFSFWQAgHyq4qpAwwIARUAAIhCcAHAAQY=&rs=AOn4CLDijJz3prfVMl8xgFixeV87uNclvg
ì§„ì‹¬ì¹´,https://www.youtube.com/channel/UC6JqWxjtNy73SmsJdqA_AyQ,39700,24-08-2024,Jul 27 2024,No,#shorts ì•„ìš°ë””ëŠ” ì¤‘ê³ ì°¨ë¡œ ì‚¬ì„¸ìš”..,"#ì¤‘ê³ ì°¨ #ê°€ì„±ë¹„ì¤‘ê³ ì°¨ #ìˆ˜ì…ì¤‘ê³ ì°¨ #ìˆ˜ì…ì°¨ #ì•„ìš°ë”” #ì•„ìš°ë””ì¤‘ê³ ì°¨ #audi #audia7 #ì•„ìš°ë””a7 

â˜ â˜ ì¤‘ê³ ì°¨ ìƒë‹´ë²ˆí˜¸â˜ â˜ 1544-2120 // ì¹´ì¹´ì˜¤í†¡ ìƒë‹´ : jinsimcar // ì˜¤ì‹œëŠ”ê¸¸: ìˆ˜ì›ì‹œ ê¶Œì„ êµ¬ ê¶Œì„ ë¡œ 308-5, ë„ì´ì¹˜ì˜¤í† ì›”ë“œ              
(ì˜¤ì‹œê¸° ì „ì— ë¯¸ë¦¬ ì—°ë½ì£¼ì‹œë©´ ì˜ˆì•½ì„ í†µí•´ ì§„ì‹¬ì„ ë‹¤í•´ ìƒë‹´ë„ì™€ë“œë¦¬ê² ìŠµë‹ˆë‹¤.)

ì´ ì½˜í…ì¸ ëŠ” ì¸ê³µì§€ëŠ¥ ê°€ìƒ ì—°ê¸°ì ì„œë¹„ìŠ¤, íƒ€ì…ìºìŠ¤íŠ¸ë¥¼ í™œìš©í•˜ì—¬ ì œì‘ë˜ì—ˆìŠµë‹ˆë‹¤.
ì¶œì—°ì§„: (ì§„ì„œ)
https://typecast.ai/kr",2,198,https://www.youtube.com/shorts/KYBGDNLYMlc,https://i.ytimg.com/vi/KYBGDNLYMlc/oardefault.jpg?sqp=-oaymwEdCJUDENAFSFWQAgHyq4qpAwwIARUAAIhCcAHAAQY=&rs=AOn4CLARhPlv3TnaB2xWh-n82UYhD7Um-g
LMW,https://www.youtube.com/channel/UCP7Ii_EPUV0JSts9bkD1Viw,454,24-08-2024,Nov 30 2023,No,ì¥ì¶©ë…ì™•ì¡±ë°œë³´ìŒˆì„ í•˜ë“œìŠ¤íƒ€ì¼ë¡œ ë§Œë“ ë‹¤ë©´?,#shorts #ì¥ì¶©ë™ì™•ì¡±ë°œë³´ìŒˆ #ì™•ì¡±ë°œ,2,70,https://www.youtube.com/shorts/we08RC7kWRY,https://i.ytimg.com/vi/we08RC7kWRY/oar2.jpg?sqp=-oaymwEdCJUDENAFSFWQAgHyq4qpAwwIARUAAIhCcAHAAQY=&rs=AOn4CLB-gk5744gmFqDDGNpLFdjhHDvP3A
Safe Korea,https://www.youtube.com/channel/UCtq5fZgc92cx9zIN5X9Wcbg,131000,24-08-2024,Sep 19 2023,No,í‰ìƒì˜ ìš´ì„ ë‹¤ì“´ ì‚¬ëŒë“¤! ì„¸ìƒì€ ë„“ê³  ë†€ë¼ìš´ ì‚¬ëŒë“¤ë„ ë§ìŠµë‹ˆë‹¤!,í‰ìƒì˜ ìš´ì„ ë‹¤ì“´ ì‚¬ëŒë“¤! ì„¸ìƒì€ ë„“ê³  ë†€ë¼ìš´ ì‚¬ëŒë“¤ë„ ë§ìŠµë‹ˆë‹¤!,8,248,https://www.youtube.com/shorts/y_JFQauWKY0,https://i.ytimg.com/vi/y_JFQauWKY0/oar2.jpg?sqp=-oaymwEdCJwEENAFSFWQAgHyq4qpAwwIARUAAIhCcAHAAQY=&rs=AOn4CLAmyqTDKPRgcPiiyrG6StY-bCugbA
Huney Living Information,https://www.youtube.com/channel/UC8oSz7z588lRvzmUhLMajsQ,143000,24-08-2024,Jul 11 2024,No,ëˆˆì§€í‚¤ëŠ” í° ì„¤ì • ê¿€íŒ! #ë‹¤í¬ëª¨ë“œì•„ë‹˜,ëˆˆì§€í‚¤ëŠ” í° ì„¤ì • ê¿€íŒ! #ë‹¤í¬ëª¨ë“œì•„ë‹˜,4,171,https://www.youtube.com/shorts/PzVXNtMB7eg,https://i.ytimg.com/vi/PzVXNtMB7eg/oardefault.jpg?sqp=-oaymwEdCJUDENAFSFWQAgHyq4qpAwwIARUAAIhCcAHAAQY=&rs=AOn4CLCw7YgKY1MAWmi7dPwK3gBao2x0fw
ì´ì°¬ì›íŒ¬ì±„ë„,https://www.youtube.com/channel/UCzGcfHKMcsWh9j2e6y1vnIg,36100,24-08-2024,Aug 08 2024,No,ì°¬ì›ì´ì˜ ëˆˆë¬¼ğŸ¥¹ğŸ’– ë³¼ë•Œë§ˆë‹¤ ìŠ¬í¼ìš”ã…  ì¢‹ì•„ìš” ë¶€íƒë“œë¦½ë‹ˆë‹¤#ì´ì°¬ì›,ì°¬ì›ì´ì˜ ëˆˆë¬¼ğŸ¥¹ğŸ’– ë³¼ë•Œë§ˆë‹¤ ìŠ¬í¼ìš”ã…  ì¢‹ì•„ìš” ë¶€íƒë“œë¦½ë‹ˆë‹¤#ì´ì°¬ì›,1.2K,"9,024",https://www.youtube.com/shorts/CwC5d8ej4Xk,https://i.ytimg.com/vi/CwC5d8ej4Xk/oardefault.jpg?sqp=-oaymwEdCJUDENAFSFWQAgHyq4qpAwwIARUAAIhCcAHAAQY=&rs=AOn4CLC1Kk_luTX5pHXXtPJR_iG6Rn76BQ
MBCentertainment,https://www.youtube.com/channel/UCiBr0bK06imaMbLc8sAEz0A,9070000,24-08-2024,Aug 22 2024,No,"[íƒœì–´ë‚œ ê¹€ì— ìŒì•…ì¼ì£¼] ê¸°ì•ˆ84, ì‹œì‘ë¶€í„° ìˆ¨ ë§‰íˆëŠ” ì†Œí†µë‹¨ì ˆ, MBC 240818 ë°©ì†¡","â˜…â˜…â˜…More clips are availableâ˜…â˜…â˜…

iMBC
https://program.imbc.com/MusicAdventurebyAccident

â“’ MBC&iMBC ë¬´ë‹¨ ì „ì¬, ì¬ë°°í¬ ë° ì´ìš©(AIí•™ìŠµ í¬í•¨) ê¸ˆì§€",18,"1,391",https://www.youtube.com/shorts/TkOhxgUkTFE,https://i.ytimg.com/vi/TkOhxgUkTFE/oar2.jpg?sqp=-oaymwEdCJUDENAFSFWQAgHyq4qpAwwIARUAAIhCcAHAAQY=&rs=AOn4CLClWesZg37AGQxu95rhfcsJuUPKbA
Mnet TV,https://www.youtube.com/channel/UCepUWUpH45hRTi-QePdq1Bg,9100000,24-08-2024,Aug 13 2024,No,ë‚´ ë§ˆìŒ ì† ì‡¼ë¯¸ ìš°ìŠ¹ìëŠ”? ğŸ†ë¹„ì™€ì´ âš¡ í–‰ì£¼ğŸ† â‘¡ #BewhY #Hangzoo #Mnet #ì— ë„·,ë‚´ ë§ˆìŒ ì† ì‡¼ë¯¸ ìš°ìŠ¹ìëŠ”? ğŸ†ë¹„ì™€ì´ âš¡ í–‰ì£¼ğŸ† â‘¡ #BewhY #Hangzoo #Mnet #ì— ë„·,72,"4,862",https://www.youtube.com/shorts/aQsd2bb0WMs,https://i.ytimg.com/vi/aQsd2bb0WMs/oar2.jpg?sqp=-oaymwEdCJUDENAFSFWQAgHyq4qpAwwIARUAAIhCcAHAAQY=&rs=AOn4CLClZkZJMPi3YH7xFm9m6R1TTv159g
With Kids[ìœ„ë“œí‚¤ì¦ˆ],https://www.youtube.com/channel/UC6ye474SJCiPsEPueO_b3Gw,17600000,24-08-2024,Aug 21 2024,No,Safari Car Family Trip for Kids Feeding Animals #shorts,"[With Kids]ìœ„ë“œí‚¤ì¦ˆ Funny Video for Kids â–¶ https://goo.gl/pDg8bR â—€
Safari Car Family Trip for Kids Feeding Animals #shorts 
ë™ë¬¼ì› ì‚¬íŒŒë¦¬ ê°€ì¡±ì—¬í–‰ ì˜ˆì¤€ì´ì˜ ë¨¹ì´ì£¼ê¸° ì²´í—˜ #ì‡¼ì¸ 

ì•ˆë…•í•˜ì„¸ìš”~! With Kidsì…ë‹ˆë‹¤.

[With Kids]ì±„ë„ì€?
â˜… ì•„ë¹ ì™€ í•¨ê»˜ ì•„ë“¤ì¸ ì˜ˆì¤€ì´ê°€ ë§Œë“¤ì–´ ê°€ëŠ” í‚¤ì¦ˆ ì±„ë„ì…ë‹ˆë‹¤
â˜… ì˜ˆì¤€ì´ì™€ ì•„ë¹ ê°€ í•¨ê»˜ ì¥ë‚œê° ë†€ì´ë¥¼ í•˜ë©° ë„ì „í•˜ê³  ê²½í—˜í•˜ê³ , ì„œë¡œ ëŒ€í™”í•˜ê³  í•™ìŠµí•˜ë©° ê°™ì€ ì‹œê°„ì„ ê³µìœ í•˜ëŠ” ì¬ë¯¸ìˆëŠ” ì˜ìƒì„ ë§Œë“¤ë ¤ê³  ë…¸ë ¥í•˜ê³  ìˆìŠµë‹ˆë‹¤.
â˜… êµ¬ë… + ì¢‹ì•„ìš” + ëŒ“ê¸€ + ê³µìœ  í•´ì£¼ì‹œë©´ With Kidsì±„ë„ì— í° í˜ì´ ëœë‹µë‹ˆë‹¤ ^^

â˜… We Make Kids Video Channel My son, Ye Jun With Daddy
â˜… Ye Jun and Dad are Trying to Create and Funny Kids Videos That Challenge, Experience, Communicate, Learn and S 
...more",N/A,"27,571",https://www.youtube.com/shorts/qHdlxSG7gvc,https://i.ytimg.com/vi/qHdlxSG7gvc/oar2.jpg?sqp=-oaymwEdCJUDENAFSFWQAgHyq4qpAwwIARUAAIhCcAHAAQY=&rs=AOn4CLADcOhWi1zbnvhIZoalLtrO-MM1rA
SEVENTEEN,https://www.youtube.com/channel/UCfkXDY7vwkcJ8ddFGz8KusA,13200000,24-08-2024,Aug 12 2024,No,['FOLLOW' AGAIN TO CINEMAS] Premiere Reaction (SEUNGKWAN FOCUS) #SEVENTEEN #FOLLOW_AGAIN_TO_CINEMAS,['FOLLOW' AGAIN TO CINEMAS] Premiere Reaction (SEUNGKWAN FOCUS) #SEVENTEEN #FOLLOW_AGAIN_TO_CINEMAS,16K,"71,445",https://www.youtube.com/shorts/swhXvKlwnVI,https://i.ytimg.com/vi/swhXvKlwnVI/oardefault.jpg?sqp=-oaymwEdCJUDENAFSFWQAgHyq4qpAwwIARUAAIhCcAHAAQY=&rs=AOn4CLCV9hOAiBED4zChkBaXSqgejE4xHg
ALL THE K-POP,https://www.youtube.com/channel/UCPde4guD9yFBRzkxk2PatoA,6910000,24-08-2024,Aug 22 2024,No,"[ì£¼ê°„ì±Œë¦°ì§€] MCë¶, ì…ê³¼ í•¨ê»˜ ë¹ ë‚˜ë‚˜ë‚ ë¼ ë°¤ë°”ğŸŒ #ë ¤ë‹ˆ #ë¹ ë‚˜ë‚˜ë‚ ë¼ì±Œë¦°ì§€ #ë¶ #í•˜ì„±ìš´ #ì¡°í˜œë ¨","â€˜êµ­ì‚°íŒì˜ ìë‘, ì˜¤ë•¡ëŒâ€™ ë ¤ë‹ˆ ë¹ ë‚˜ë‚˜ë‚ ë¼ ì±Œë¦°ì§€
#ì£¼ê°„ì•„ì´ëŒ #ì£¼ê°„ì•„ #Weeklyidol 
#ë ¤ë‹ˆ #ì¡°í˜œë ¨
#ë¹ ë‚˜ë‚˜ë‚ ë¼
#shorts",124,943,https://www.youtube.com/shorts/0WZtj7-ogS0,https://i.ytimg.com/vi/0WZtj7-ogS0/oar2.jpg?sqp=-oaymwEdCJUDENAFSFWQAgHyq4qpAwwIARUAAIhCcAHAAQY=&rs=AOn4CLA08DAnaWWg-DR0EAuk4i60MfdAbQ
[í–„ì§€]Hamzy,https://www.youtube.com/channel/UCPKNKldggioffXPkSmjs5lQ,12900000,24-08-2024,Aug 20 2024,No,ê°„ì§œì¥ vs ê·¸ëƒ¥ì§œì¥ ì–´ë–¤ê±¸ ë” ì¢‹ì•„í•˜ì„¸ìš”?ğŸ˜¯,ê°„ì§œì¥ vs ê·¸ëƒ¥ì§œì¥ ì–´ë–¤ê±¸ ë” ì¢‹ì•„í•˜ì„¸ìš”?ğŸ˜¯,14K,"249,341",https://www.youtube.com/shorts/Y9ZNAZU5hzo,https://i.ytimg.com/vi/Y9ZNAZU5hzo/oardefault.jpg?sqp=-oaymwEdCJUDENAFSFWQAgHyq4qpAwwIARUAAIhCcAHAAQY=&rs=AOn4CLCf8ycVc8BhY2boslX-bSL5wHCKKw
ìœ ë°±í•© kkubi99,https://www.youtube.com/channel/UCz8gf4PK1Qth50lLHdvTCcA,12700000,24-08-2024,Mar 01 2024,No,respect,"#ìœ ë°±í•© #kkubi  #KIMPRO
ğŸ°ContactğŸ°
DM : https://www.instagram.com/kkubi99/
E-mail : lilygirl0420@naver.com",49K,"1,014,873",https://www.youtube.com/shorts/Jj7pahZS2LY,https://i.ytimg.com/vi/Jj7pahZS2LY/oar2.jpg?sqp=-oaymwEdCJUDENAFSFWQAgHyq4qpAwwIARUAAIhCcAHAAQY=&rs=AOn4CLDAQ2CxvWLLjgrdLPpq2Ao6x506vg
Sibling War,https://www.youtube.com/channel/UCU8uafr_iROxRVI6c23Q_bA,2820000,24-08-2024,Apr 08 2024,No,ë§ˆë²•ì†Œë…„ ìœ¼ëœ¸ì´ì˜ í•˜ë£¨!ã…‹ã…‹ã…‹,ë§ˆë²•ì†Œë…„ ìœ¼ëœ¸ì´ì˜ í•˜ë£¨!ã…‹ã…‹ã…‹,21K,"814,761",https://www.youtube.com/shorts/3uLOLi4NhXQ,https://i.ytimg.com/vi/3uLOLi4NhXQ/oar2.jpg?sqp=-oaymwEdCJUDENAFSFWQAgHyq4qpAwwIARUAAIhCcAHAAQY=&rs=AOn4CLBCdTtxb1tRiGIsz8d1MoXUux7Idw
CoCosToy ê¼¬ê¼¬ìŠ¤í† ì´,https://www.youtube.com/channel/UCfVd4ZgG0hwe3F0cqRTvUWQ,5130000,24-08-2024,Aug 18 2024,No,"Animals are giving birth in my toybox! #Shorts ï½œAnimals name, Kidstoonï½œCoCosToy","#animaltoon #kidstoon #babyanimals 

Original Movie â†’ https://youtu.be/lOw293SrKFI

let's learn dinosaur & animal names and sound in english! 

Hello~! friends! I make Dinosaurs & Animals Video!
Have a good one! 

If you like my channel, subscribe and like please!
Thank you!

â¤ï¸ CoCosToy homepage â¤ï¸
youtube: http://cocostoy.com 
Instagram: https://www.instagram.com/cocostoy
Facebook: https://www.facebook.com/cocostoycom 
subscribe: http://goo.gl/ALYtwp
partnership cooperation : cocostoycom@gmail.com",365,"21,727",https://www.youtube.com/shorts/Giy3nMnObYo,https://i.ytimg.com/vi/Giy3nMnObYo/oar2.jpg?sqp=-oaymwEdCNAFENAFSFWQAgHyq4qpAwwIARUAAIhCcAHAAQY=&rs=AOn4CLCg_Ubjzo8hy6iLTxjvzT2EhFXmpQ
STUDIO CHOOM [ìŠ¤íŠœë””ì˜¤ ì¶¤],https://www.youtube.com/channel/UCEIi7zFR_wE23jFncVtd6-A,5320000,24-08-2024,Aug 23 2024,No,TAEMIN - Sexy In The Air (Color Code: Sunsetâ˜€) | #ColorPicked by TAEMIN,"TAEMIN - Sexy In The Air (Color Code: Sunsetâ˜€) | #ColorPicked by TAEMIN

Stream various performance video on #STUDIOCHOOM!

ğŸ‘‰SUBSCRIBEğŸ‘ˆ
YouTube: https://www.youtube.com/STUDIOCHOOM
Facebook:  https://www.facebook.com/StudioCHOOM
Instagram: https://www.instagram.com/studio_choom/
Naver TV: https://tv.naver.com/cjenm.STUDIOCHOOM",4.3K,"20,956",https://www.youtube.com/shorts/dDFmla059wo,https://i.ytimg.com/vi/dDFmla059wo/oar2.jpg?sqp=-oaymwEdCJUDENAFSFWQAgHyq4qpAwwIARUAAIhCcAHAAQY=&rs=AOn4CLCwuG7hzKrCEKnC6pgwnr9vBqHGkQ
LimeTube,https://www.youtube.com/channel/UCxutPqfWSdYqaK8_tlc5PBA,3840000,24-08-2024,Aug 20 2024,No,ë¼ì„ì˜ ì„ íƒì€? ğŸ‘ğŸ» | ë¼ì„íŠœë¸Œ LimeTube,"â¤ ê´‘ê³  ë¬¸ì˜ : ã€ limecast1004@gmail.com ã€‘
â¤ ë¼ì„ìŠ¤í† ì–´   ã€ https://store.kakao.com/limetube ã€‘
â¤ ì¸ìŠ¤íƒ€ê·¸ë¨ - limetube ã€ https://www.instagram.com/p/7xwXeZDdeR/ ã€‘
â¤ ë¼ì„íŠœë¸Œ - ë¬´ë£Œ êµ¬ë…í•˜ê¸° ã€ https://www.youtube.com/c/LimeTube ã€‘
â¤ ì¹´ì¹´ì˜¤ ì±„ë„ Kakao Channel ã€ https://goo.gl/52sqMY ã€‘
â¤ ë¼ì„ íŒ¬ë ˆí„° ë° ì´ë²¤íŠ¸ ë‹¹ì²¨ì ì´ë©”ì¼/ Fan letter address
ã€ limetube1004@gmail.com ã€‘

[ë¼ì„íŠœë¸Œ] ë¼ì„íŒŒì›Œ ì „ë‹¬í•˜ê¸°:
â˜… êµ¬ë… & ì¢‹ì•„ìš” & ì´ìœëŒ“ê¸€ & ê³µìœ ëŠ” ë¼ì„íŠœë¸Œì—ê²Œ í° í˜ì´ ë©ë‹ˆë‹¤ â¤
â˜… êµ¬ë…ì & ì‹œì²­ì ì—¬ëŸ¬ë¶„ ì˜ìƒ ì¬ë¯¸ìˆê²Œ ë´ì£¼ì…”ì„œ í•­ìƒ ê°ì‚¬í•©ë‹ˆë‹¤ :)
â¤ Subscribe our channel â–¶ http://goo.gl/DEoCmr â¤

Copyright â“’ 2015 Limecast All Rights Reserved. 
...more",233,"13,477",https://www.youtube.com/shorts/0aRCL3kSeXA,https://i.ytimg.com/vi/0aRCL3kSeXA/oardefault.jpg?sqp=-oaymwEdCJUDENAFSFWQAgHyq4qpAwwIARUAAIhCcAHAAQY=&rs=AOn4CLAJl-QIzZdlQyqQ9XMaTx2y98c1vQ
ìºë¦¬TV ì¥ë‚œê°ì¹œêµ¬ë“¤,https://www.youtube.com/channel/UCN106RQxroojNzkEMuRC0BA,2060000,24-08-2024,Aug 18 2024,No,ìµìŠ¤íŠ¸ë¦¼ ìˆ¨ë°”ê¼­ì§ˆ ! ì„±ê³µí• ìˆ˜ ìˆì„ê¹Œ?#ìºë¦¬ #ìˆ¨ë°”ê¼­ì§ˆ #í‚¤ì¦ˆì¹´í˜ #shorts,ìµìŠ¤íŠ¸ë¦¼ ìˆ¨ë°”ê¼­ì§ˆ ! ì„±ê³µí• ìˆ˜ ìˆì„ê¹Œ?#ìºë¦¬ #ìˆ¨ë°”ê¼­ì§ˆ #í‚¤ì¦ˆì¹´í˜ #shorts,70,"2,509",https://www.youtube.com/shorts/K4tUhlss8BQ,https://i.ytimg.com/vi/K4tUhlss8BQ/oardefault.jpg?sqp=-oaymwEdCJUDENAFSFWQAgHyq4qpAwwIARUAAIhCcAHAAQY=&rs=AOn4CLAvwEj1zJe5Dj6rPoeLjYNltoU2EA
BokyemTV BK,https://www.youtube.com/channel/UCu9BCtGIEr73LXZsKmoujKw,4850000,24-08-2024,Aug 22 2024,No,ì´ê²ƒ ê°€ì ¸ê°€ì£¼ì„¸ìš”,ì´ê²ƒ ê°€ì ¸ê°€ì£¼ì„¸ìš”,20K,"426,878",https://www.youtube.com/shorts/2JDNvFnEbJs,https://i.ytimg.com/vi/2JDNvFnEbJs/oardefault.jpg?sqp=-oaymwEdCJUDENAFSFWQAgHyq4qpAwwIARUAAIhCcAHAAQY=&rs=AOn4CLCGMXeZeHSfwxYqTPf1sfD0bFgo1w
ìºë¦­ì˜¨ TV,https://www.youtube.com/channel/UCyn_E0ZE8RNOnYnF3lVaCOQ,2420000,24-08-2024,Nov 28 2023,No,ê¶ê·¹ì˜ ì‚¬ë¼ì§€ëŠ” ë§ˆìˆ ,"ë°”ë¡œ êµ¬ë…í•˜ê¸° http://goo.gl/uJc5l5
ë§ˆìˆ ì¸ ì²™ í•˜ëŠ” ë§ˆìˆ ì´ì—ˆê³ ~",4.8K,"168,766",https://www.youtube.com/shorts/TM7UcFJvFN8,https://i.ytimg.com/vi/TM7UcFJvFN8/oar2.jpg?sqp=-oaymwEdCJUDENAFSFWQAgHyq4qpAwwIARUAAIhCcAHAAQY=&rs=AOn4CLCqIvopo1a0h7xczSqI-hGosuK42Q
ìŠ¤ë¸ŒìŠ¤ ì˜ˆëŠ¥ë§›ì§‘,https://www.youtube.com/channel/UCnx4Fi4cmkLGDiFfZ311wWw,2660000,24-08-2024,Aug 14 2024,No,ê³ ê¸‰ ë¼ë©´ #ì •ê¸€ë°¥,"ğŸŒ´ì •ê¸€ë°¥ 1íšŒ
â° ë§¤ì£¼ í™”ìš”ì¼ ì˜¤í›„ 10:20

#ì •ê¸€ë°¥ #ë¥˜ìˆ˜ì˜ #ì´ìŠ¹ìœ¤ #ì„œì¸êµ­ #ìœ ì´",53,"12,228",https://www.youtube.com/shorts/sK4X5YADoCo,https://i.ytimg.com/vi/sK4X5YADoCo/oar2.jpg?sqp=-oaymwEdCJUDENAFSFWQAgHyq4qpAwwIARUAAIhCcAHAAQY=&rs=AOn4CLAIKjzj_OZay3AmSCs1mn9en9co5A
TREASURE (íŠ¸ë ˆì €),https://www.youtube.com/channel/UCx9hXYOCvUYwrprEqe4ZQHA,7550000,24-08-2024,Aug 09 2024,No,2024 TREASURE RELAY TOUR [REBOOT] FINAL IN SEOUL - SHORT MESSAGE CLIP #TREASURE #íŠ¸ë ˆì € #shorts,"ğŸ« Join the Final concert in Seoul : https://bit.ly/3KNhtZt

ğŸ—“ ê³µì—° ì¼ì‹œ (Date)
- 1st) 2024.08.15 THU 1PM (KST)
- 2nd) 2024.08.15 THU 6PM (KST)

ğŸ“ ê³µì—° ì¥ì†Œ (Venue)
- KSPO DOME

#TREASURE #íŠ¸ë ˆì € #RELAY #TOUR #REBOOT #FINAL #SEOUL #20240815_1pmKST #20240815_6pmKST #KSPO_DOME #YG",11K,"43,022",https://www.youtube.com/shorts/OGiAuvZRJE0,https://i.ytimg.com/vi/OGiAuvZRJE0/oardefault.jpg?sqp=-oaymwEdCJUDENAFSFWQAgHyq4qpAwwIARUAAIhCcAHAAQY=&rs=AOn4CLBTlQ4QWPbw7ReygeXM15ikvZbz3g
ì˜¤ë¶„ìˆœì‚­,https://www.youtube.com/channel/UC9idb-NIhZrI6wkPesc3MUg,1620000,24-08-2024,Mar 17 2024,No,200íšŒ ë™ì•ˆ ë¹šë§Œ ìƒê¸´ í•˜ì™€ ìˆ˜ [ì¼ë¶„ìˆœì‚­] #ë¬´ë„ #shorts,200íšŒ ë™ì•ˆ ë¹šë§Œ ìƒê¸´ í•˜ì™€ ìˆ˜ [ì¼ë¶„ìˆœì‚­] #ë¬´ë„ #shorts,2.8K,"250,517",https://www.youtube.com/shorts/uEAcptKpQo8,https://i.ytimg.com/vi/uEAcptKpQo8/oar2.jpg?sqp=-oaymwEdCJUDENAFSFWQAgHyq4qpAwwIARUAAIhCcAHAAQY=&rs=AOn4CLAietKvmjF6yKchV8pq7nvtOKUvtA
MariAndFriends,https://www.youtube.com/channel/UCIAH4FXl2DQ4HmLupsyFiug,3530000,24-08-2024,Aug 23 2024,No,6ì‚´ ì•„ë“¤ ì•ì—ì„œ ë¹„ë°€ ëŒ€í™” ë²• ã…‹ã…‹ã…‹ í•´ì„í•´ë³´ì„¸ìš”!,"ë¹„ë°€ ì•”í˜¸! ë¬´ìŠ¨ë§ì¸ì§€ í•´ì„í•´ ë³´ì„¸ìš” ã…‹ã…‹ã…‹

#ë§ì´ì•¼ì™€ì¹œêµ¬ë“¤ #ì±Œë¦°ì§€ #challenge #ë°˜ì „ #êµ­ë¯¼ì´ #ã…‹ã…‹ã…‹ #ã… ã…  #ë¹„ë°€ #ëŒ€í™” #ì•”í˜¸

[ë§ì´ì•¼ì™€ì¹œêµ¬ë“¤] ë¹„ì¦ˆë‹ˆìŠ¤ ë¬¸ì˜â–¶ mari@maridea.net

Copyright â“’ 2016 MarIDEA | MariAndFriends (Creator DWHK) All Rights Reserved.
í•´ë‹¹ ì˜ìƒì˜ ì €ì‘ê¶Œì€ ë§ˆë¦¬ë””ì•„ | ë§ì´ì•¼ì™€ ì¹œêµ¬ë“¤ì—ê²Œ ìˆìŠµë‹ˆë‹¤. ì´ ì˜ìƒì„ ê³µìœ í•˜ëŠ” ê²ƒì€ ê°€ëŠ¥í•˜ë‚˜ í—ˆê°€ ì—†ì´ ë³€ê²½/ë°°í¬ëŠ” ë¶ˆê°€í•©ë‹ˆë‹¤.",1.9K,"79,035",https://www.youtube.com/shorts/eJCIPFJjYvg,https://i.ytimg.com/vi/eJCIPFJjYvg/oardefault.jpg?sqp=-oaymwEdCJUDENAFSFWQAgHyq4qpAwwIARUAAIhCcAHAAQY=&rs=AOn4CLDsMXVM-P0XmnoIM_IebbR4XowS0Q
Fashion YD,https://www.youtube.com/channel/UCqzJ1gcfz7xImHSq4sJMBoQ,3100000,24-08-2024,Mar 14 2024,No,Do you want some?,A bunless burger,28K,"422,971",https://www.youtube.com/shorts/41hXOiu5eCA,https://i.ytimg.com/vi/41hXOiu5eCA/oardefault.jpg?sqp=-oaymwEdCJUDENAFSFWQAgHyq4qpAwwIARUAAIhCcAHAAQY=&rs=AOn4CLD0c5CejOYE0pmPt-C6gE2d8KURpQ
MariAndKids,https://www.youtube.com/channel/UCPGFLUUESbnhkOTpIt71Awg,7700000,24-08-2024,Aug 04 2024,No,ë§ì¹˜ ì±Œë¦°ì§€ (ë°˜ì „ìˆìŒ),ë§ì¹˜ ì±Œë¦°ì§€ (ë°˜ì „ìˆìŒ),277,"14,825",https://www.youtube.com/shorts/5EEu-y-g8hc,https://i.ytimg.com/vi/5EEu-y-g8hc/oardefault.jpg?sqp=-oaymwEdCJUDENAFSFWQAgHyq4qpAwwIARUAAIhCcAHAAQY=&rs=AOn4CLDSrWRZ7kJySZmPp_MRD4bmdVX-3Q
íŒŒë¿Œë¦¬,https://www.youtube.com/channel/UClzB2iZ5jPoTNz0S-QU6Wiw,1710000,24-08-2024,Apr 12 2024,No,4ë…„ ì‚´ì•˜ë˜ ë³µì¸µ ì§‘ 1ë¶„ ë¦¬ë·°,"â€» ë…¸ë­ì´ PD : ë¿Œë…ì´ë“¤ ê°ì‚¬í•©ë‹ˆë‹¤
â€» ê°•í˜¸ì´ : ë¿Œë…ì´ë“¤ ê°ì‚¬í•©ë‹ˆë‹¤
â€» ì§„ë ¬ì´ : ë¿Œë…ì´ë“¤ ê°ì‚¬í•©ë‹ˆë‹¤
#1ë¶„ë¦¬ë·° #shorts #íŒŒë¿Œë¦¬ 
íŒŒë¿Œë¦¬ ì±„ë„ êµ¬ë…í•˜ê¸° â˜ https://url.kr/IPn4hC
ìƒê²½í•œ ì„¸ ë‚¨ìì˜ ìœ ì¾Œí•œ ë§¤ë ¥ì— ë¹ ì ¸ë³´ì„¸ìš”!!

íŒŒë¿Œë¦¬24 ì˜ìƒ ëª°ì•„ë³´ê¸° â˜ https://url.kr/SDQwbZ 
ë³µì¸µë¼ì´í”„ ëª°ì•„ë³´ê¸° â˜ https://url.kr/w3lLgh
íŒŒë¿Œë¦¬ ì €ê°€ë½ ëª°ì•„ë³´ê¸° â˜ https://url.kr/5IUCuO
ìŠˆí¼í‘¸ë“œë³´ì´ ëª°ì•„ë³´ê¸° â˜ https://url.kr/JEGKBi
ëœë¤ì±Œë¦°ì§€ ëª°ì•„ë³´ê¸° â˜ https://url.kr/iK3q9R
í€´ì¦ˆë¨¹ë°© ëª°ì•„ë³´ê¸° â˜ https://url.kr/QXLzIP
ë¿Œì´ë¡œê·¸ ëª°ì•„ë³´ê¸°  â˜ https://url.kr/M9DVLH
1ë¶„ ë¦¬ë·° ëª°ì•„ë³´ê¸° â˜ https://url.kr/nufm3C

[ì´ë©”ì¼] ì½˜í…ì¸ ìš”ì²­, íŒ¬ ì•„íŠ¸, ë³´ë‚´ì£¼ê³ í”ˆ ë§ë“¤ : popfree@sandboxnetwork.net 
...more",24K,"732,954",https://www.youtube.com/shorts/jZsnp8ZlAHs,https://i.ytimg.com/vi/jZsnp8ZlAHs/oar2.jpg?sqp=-oaymwEdCJUDENAFSFWQAgHyq4qpAwwIARUAAIhCcAHAAQY=&rs=AOn4CLBmx_EA5LeJ_PdE_5UnJoMeMA0ouA
YG ENTERTAINMENT,https://www.youtube.com/channel/UCQi67q4kGdmnJaRzX81uK5g,8029999,24-08-2024,May 10 2024,No,We're BABYMONS7ï¸âƒ£ER #BABYMONSTER #BABYMONS7ER #SHEESH #Production #DOCUMENTARY #YG,#BABYMONSTER #ë² ì´ë¹„ëª¬ìŠ¤í„° #1stMINIALBUM #BABYMONS7ER #Title #SHEESH #Production #DOCUMENTARY #YG,16K,"168,321",https://www.youtube.com/shorts/l4bVj2RyysM,https://i.ytimg.com/vi/l4bVj2RyysM/oardefault.jpg?sqp=-oaymwEdCJUDENAFSFWQAgHyq4qpAwwIARUAAIhCcAHAAQY=&rs=AOn4CLCvPMqK-tsjJe0Qe_VDMrzzl61Riw
ì˜ì˜ Ssoyoung,https://www.youtube.com/channel/UC4PpFUrfT2Pou7OwpVF0MUQ,11100000,24-08-2024,Aug 22 2024,No,ë‚™ì§€ë¬¸ì–´ë‹¤ë¦¬ í•´ë¬¼ì°œ ğŸ˜†ğŸ”¥ Spicy Octopus Seafood Boil Recipe Mukbang ASMR Ssoyoung,ë‚™ì§€ë¬¸ì–´ë‹¤ë¦¬ í•´ë¬¼ì°œ ğŸ˜†ğŸ”¥ Spicy Octopus Seafood Boil Recipe Mukbang ASMR Ssoyoung,1.1K,"14,360",https://www.youtube.com/shorts/Gnr_-oeNUeU,https://i.ytimg.com/vi/Gnr_-oeNUeU/oar2.jpg?sqp=-oaymwEdCJUDENAFSFWQAgHyq4qpAwwIARUAAIhCcAHAAQY=&rs=AOn4CLAl1qORdk8ayTWqURYH7FqyJkXFaw
channel fullmoon,https://www.youtube.com/channel/UCQ2O-iftmnlfrBuNsUUTofQ,6570000,24-08-2024,Aug 20 2024,No,ğŸ¤ê³ ë„ì˜ ì—°ì¶œê³¼ ë©”ì†Œë“œ ì—°ê¸°ë¡œ ë§Œë“¤ì–´ì§„ ëª…ì–¸ TIME,#ë‚˜ì˜ì„ì˜ì§€ê¸€ì§€ê¸€ #SizzlingwithNah,788,"44,199",https://www.youtube.com/shorts/noMl6a_n0SE,https://i.ytimg.com/vi/noMl6a_n0SE/oar2.jpg?sqp=-oaymwEdCJUDENAFSFWQAgHyq4qpAwwIARUAAIhCcAHAAQY=&rs=AOn4CLDYdmCV-T6F7eKoJYB1neGEEEtVgg
ToyMart TV,https://www.youtube.com/channel/UCbWPYsyJX1-7uvfOw3LkLqw,4810000,24-08-2024,Jun 11 2024,No,Go Go Paw Patrol Sea Patrol~! Defeat The Shark Pirate #shorts,"Go Go Paw Patrol Sea Patrol~! Defeat The Shark Pirate
Click To Subscribe~â™¥ ğŸ‘‰ https://goo.gl/2W8uny ğŸ‘ˆ

#toy #toys #ToyMartTV",62,"3,092",https://www.youtube.com/shorts/ryaEzhzBRQY,https://i.ytimg.com/vi/ryaEzhzBRQY/oar2.jpg?sqp=-oaymwEdCJUDENAFSFWQAgHyq4qpAwwIARUAAIhCcAHAAQY=&rs=AOn4CLA-txDMJ9ChU-VGPcW_9rwDUWHErg
ëŒ€ìƒ Daesaeng,https://www.youtube.com/channel/UChE5nZAIhWS5vYTRjsUgRpQ,3540000,24-08-2024,Oct 28 2023,No,Try not to laugh ğŸ¤£ğŸ¤£#57,"#shorts #reaction #memes 

This is laugh you lose, you laugh you lose, try not to laugh, if you laugh you lose, try not to laugh challenge, try not to laugh impossible, funny, funny vines, funny fails, funny videos, funny moments, funny videos, funny videos , tiktok, funny memes, laugh, memes, meme, dank memes, memes compilation, best memes, funny tiktoks, tiktok memes, tik tok, challenge, dont laugh, dont laugh challenge, laugh challenge, try not to smile, clean memes, shorts, the meme sheep, best fails",32K,"590,682",https://www.youtube.com/shorts/Ydi6LtRfcTs,https://i.ytimg.com/vi/Ydi6LtRfcTs/oar2.jpg?sqp=-oaymwEdCJUDENAFSFWQAgHyq4qpAwwIARUAAIhCcAHAAQY=&rs=AOn4CLByhpUgNA0kWzqzpBbk2gMLHwXF9A
ì„œì€ì´ì•¼ê¸°[SeoeunStory],https://www.youtube.com/channel/UCVihezVtsguXEouYvtKmKYA,9260000,24-08-2024,Jun 22 2024,No,ê°•ì•„ì§€ ê·¸ë„¤,ê°•ì•„ì§€ ê·¸ë„¤,1K,"55,148",https://www.youtube.com/shorts/vy4dyyUFLis,https://i.ytimg.com/vi/vy4dyyUFLis/oardefault.jpg?sqp=-oaymwEdCJUDENAFSFWQAgHyq4qpAwwIARUAAIhCcAHAAQY=&rs=AOn4CLBkI4eJjEN67Xc6iUR3vUZlFeHRtQ
ARTBEAT,https://www.youtube.com/channel/UCgZlBRLRB1-0l-qL9BkecLQ,4590000,24-08-2024,Aug 20 2024,No,She's New Woman~ğŸ’‹ğŸ’ƒğŸ» #ì„¸ì˜ #Seyoung #LISAxNewWoman #ì œì‘ë¹„ì§€ì›,She's New Woman~ğŸ’‹ğŸ’ƒğŸ» #ì„¸ì˜ #Seyoung #LISAxNewWoman #ì œì‘ë¹„ì§€ì›,10K,"88,037",https://www.youtube.com/shorts/5aUSIl2YKQk,https://i.ytimg.com/vi/5aUSIl2YKQk/oardefault.jpg?sqp=-oaymwEdCJUDENAFSFWQAgHyq4qpAwwIARUAAIhCcAHAAQY=&rs=AOn4CLBfYtHXf2ICE73MRELwoG0orIuj0g
1theK Originals - ì›ë”ì¼€ì´ ì˜¤ë¦¬ì§€ë„,https://www.youtube.com/channel/UCqq-ovGE01ErlXakPihhKDA,2390000,24-08-2024,Aug 22 2024,No,ë¦´í™© ë¦½ì‹±í¬ ë…¼ë€ | ì•„ë§ˆë„ ë…¸ë˜ ì¤‘ | Maybe Singing | NMIXX | ì—”ë¯¹ìŠ¤ | ë³„ë³„ë³„ | See that?,"ë¦´í™© ë¦½ì‹±í¬ ë…¼ë€ | ì•„ë§ˆë„ ë…¸ë˜ ì¤‘ | Maybe Singing | NMIXX | ì—”ë¯¹ìŠ¤ | ë³„ë³„ë³„ | See that?

#ì•„ë§ˆë„ë…¸ë˜ì¤‘#Maybe_Singing#ì—”ë¯¹ìŠ¤#NMIXX#ë¦´ë¦¬#LILY#ë³„ë³„ë³„#Seethat#New1theKOriginal#1theK#ì›ë”ì¼€ì´#ì›ë”ì¼€ì´ì˜¤ë¦¬ì§€ë„

K-POP Wonderland, 1theK
K-POPì˜ ëª¨ë“  ì¦ê±°ì›€ì´ ì—¬ê¸°ì—,
ë‹¤ì–‘í•œ ì›ë”ì¼€ì´ ì˜¤ë¦¬ì§€ë„ ì»¨í…ì¸ ë¥¼ ë§Œë‚˜ë³´ì„¸ìš”!

K-POP Wonderland, 1theK
All the joys of K-pop here!
1theK has a wide variety of Original Content

â–¶1theK YouTube https://www.youtube.com/1theK
â–¶1theK Originals YouTube  https://www.youtube.com/1theKOriginals 
...more",1.8K,"32,234",https://www.youtube.com/shorts/ryw1sI81SoY,https://i.ytimg.com/vi/ryw1sI81SoY/oar2.jpg?sqp=-oaymwEdCJUDENAFSFWQAgHyq4qpAwwIARUAAIhCcAHAAQY=&rs=AOn4CLDBe4pB4kcMwTBuFeMDsKZVs2VT7w
ì£¼ë‘¥ì´ë°©ì†¡ ì‡¼ì¸ ,https://www.youtube.com/channel/UCOkr541W3GBtVwLP0aNpJbw,452000,24-08-2024,Aug 22 2024,No,'ê·¸ê±°' í•˜ëŠ” ì¤‘ì— ì¹œì˜¤ë¹ í•œí…Œ ê±¸ë¦° í›„ê¸° ã„·ã„·,"#ê³µê° #ê³ ë¯¼ #ìƒë‹´

ë³¸ì±„ë„ : https://www.youtube.com/c/ì£¼ë‘¥ì´ë°©ì†¡
ë‹¤ì‹œë³´ê¸°: https://www.youtube.com/channel/UCPgdEXfS-uIXE9epibVydnQ

ì£¼ë‘¥ì´ë°©ì†¡ ë³¸ì¸ì´ ìš´ì˜í•˜ëŠ” ì±„ë„ì„",16K,"525,640",https://www.youtube.com/shorts/Yz_epfPyD1U,https://i.ytimg.com/vi/Yz_epfPyD1U/oar2.jpg?sqp=-oaymwEdCJUDENAFSFWQAgHyq4qpAwwIARUAAIhCcAHAAQY=&rs=AOn4CLC9kFEvZM93ic7RjA_qA3gXvIoW_Q
LG Uplus,https://www.youtube.com/channel/UCp3BSINVC7Ggj4kChEUiy7Q,682000,24-08-2024,Aug 22 2024,No,ëŠë¦¬ë‹¤ê³  í•´ì„œ ì„¸ìƒì— ì ì‘í•˜ì§€ ëª»í•˜ëŠ”ê±´ ì•„ë‹ˆë”ë¼êµ¬ìš”,"#lguplus#axcompany#AI#ixi#boostus#ë¶€ìŠ¤í„°ìŠ¤#growthleadingaxcompany

âœ… LGìœ í”ŒëŸ¬ìŠ¤ ê³µì‹ìœ íŠœë¸Œ êµ¬ë…í•˜ê¸°: https://bit.ly/3w6LvO7",1,18,https://www.youtube.com/shorts/vu3esfukGVc,https://i.ytimg.com/vi/vu3esfukGVc/oar2.jpg?sqp=-oaymwEdCJUDENAFSFWQAgHyq4qpAwwIARUAAIhCcAHAAQY=&rs=AOn4CLBA2iiWJNPimCUZJzEvImzeB5gxGg
KT - ì¼€ì´í‹°,https://www.youtube.com/channel/UCgiZEPih0eqntG8G7R1_qyw,465000,24-08-2024,Aug 09 2024,No,ë¬¼ ë§ì„ìˆ˜ë¡ ì‚´ì•„ë‚˜ëŠ” í•œì‚´ì°¨ì´ì˜ ì—´ì •?,"ì—¬ë¦„ì— ì•¼êµ¬ì¥ ì§ê´€..ê·¸ê±° ì‚¬ë‘ì´ë‹¤? ğŸ¥µ
ì—¬ë¦„ ì•¼êµ¬ì¥ì€ í˜ë“¤ë‹¤?ğŸ¥º
Yì›Œí„°í˜ìŠ¤í‹°ë²Œì—ì„œëŠ” ì•„ ë‹ˆ! ğŸ™‚â€â†”ï¸
Yì›Œí„°í˜ìŠ¤í‹°ë²Œì˜ ì‹œì›í•œ ì›Œí„°ìºë…¼ë§Œ ìˆë‹¤ë©´
â€¼ï¸â€¼ï¸ì—´ì •0%ì—ì„œ 1000%â€¼ï¸

í•œì‚´ì°¨ì´(@hansal__)ê°€ ì§ì ‘ ì¸ì¦í–ˆìŠµë‹ˆë‹¤
í…ì…˜ UP!í•˜ëŸ¬ Yì›Œí„°í˜ìŠ¤í‹°ë²Œ ê°€ë³´ìêµ¬ìš”ğŸ’˜ğŸ’¦

#Yì›Œí„°í˜ìŠ¤í‹°ë²Œ #ktwiz #ì•¼êµ¬ #ì›Œí„°í˜ìŠ¤í‹°ë²Œ
#ì—¬ë¦„ #ì¶•ì œ #í•œì‚´ì°¨ì´ #KT #shorts",4.9K,"481,193",https://www.youtube.com/shorts/aL3K9GoSfcM,https://i.ytimg.com/vi/aL3K9GoSfcM/oar2.jpg?sqp=-oaymwEdCJUDENAFSFWQAgHyq4qpAwwIARUAAIhCcAHAAQY=&rs=AOn4CLCGt-7JrL2yuqUTo1Vz1c6XMO9OSQ
KBS ë‹¤í,https://www.youtube.com/channel/UC4LW3sOslC14Vn5bcoNUBkg,2250000,24-08-2024,Aug 23 2024,No,"[í•œêµ­ì¸ì˜ ë°¥ìƒ] ë§›, ìŠ¤ë©°ë“¤ë‹¤ğŸ´ ë¼ì§€ê³ ê¸°ì£¼ë¬¼ëŸ­ğŸ¥© | KBS ë°©ì†¡","[í•œêµ­ì¸ì˜ ë°¥ìƒ] ë§›, ìŠ¤ë©°ë“¤ë‹¤ğŸ´ ë¼ì§€ê³ ê¸°ì£¼ë¬¼ëŸ­ğŸ¥©

#ìš”ë¦¬ #í–¥í† ìŒì‹ #ìŒì‹ë‹¤íë©˜í„°ë¦¬ #ìš”ë¦¬ë²• #ë¯¸ì‹ #ìŒì‹ #ë§›ì¹¼ëŸ¼ #ìš”ë¦¬ë ˆì‹œí”¼ #ë‹¤í #KBS #í•œêµ­ì¸ì˜ë°¥ìƒ #ìµœë¶ˆì•” #í•œì‹ #ë ˆì‹œí”¼ #ì •ì„± #ì†ê¸¸ #ì§€í˜œ #ì—­ì‚¬ #ê³¼ê±° #ì „í†µ #ì •í†µ #í•œê³¼ #ì‹í˜œ #ë‹¤ì‹œë§ˆ #KoreanCuisineandDining 

ê·¸ ì§€ì—­ì— ê°€ë©´ ê·¸ ìŒì‹ì´ ìˆë‹¤! ì™œ ê·¸ëŸ´ê¹Œ?ì§€ë¦¬ì  í™˜ê²½ì— ì‚¬ëŒë“¤ì˜ ìˆ¨ê²°ê³¼ ì§€í˜œê°€ ì–´ìš°ëŸ¬ì ¸ ì—­ì‚¬ê°€ ë˜ê³  ë¬¸í™”ë¡œ ì‘ì¶•ëœ ê²ƒì´ ë°”ë¡œ ê·¸ ì§€ì—­ì˜ ëŒ€í‘œìŒì‹! ëŒ€í‘œìŒì‹ë“¤ì˜ ìˆ¨ê²¨ì§„ ì´ì•¼ê¸°ì™€ ì—­ì‚¬, ê·¸ë¦¬ê³  ìŒì‹ë¬¸í™” ë“±ì„ ì•„ë¦„ë‹¤ìš´ ì˜ìƒê³¼ ê¹Šì´ ìˆëŠ” ì·¨ì¬ë¥¼ í†µí•´ ë§¤ì£¼ í•œí¸ì˜ í‘¸ë“œë©˜í„°ë¦¬ë¡œ ê¾¸ë©°ëƒ…ë‹ˆë‹¤.

--------------------------------------------------------
   â–¶ Homepage : https://www.kbs.co.kr/
   â–¶ Wavve : https://www.wavve.com/
   â–¶ Youtube : https://www.youtube.com/KBSDocumentary
--------------------------------------------------------",27,"2,267",https://www.youtube.com/shorts/84N0IQMnr5M,https://i.ytimg.com/vi/84N0IQMnr5M/oar2.jpg?sqp=-oaymwEdCJUDENAFSFWQAgHyq4qpAwwIARUAAIhCcAHAAQY=&rs=AOn4CLBlI2XmGhzZHB-zqInJRH7Ygh6LdA
waveya 2011,https://www.youtube.com/channel/UCmR-oFhgGGe-dCRiDg2ysLw,3700000,24-08-2024,Aug 23 2024,No,#Wait ğŸ”¥Waveya ì•„ì¹¨ê¹Œì§€ ì¶¤ì„ ì¶œê±°ì•¼ #Hyolyn #dancechallenge #shorts #kpop #dancecover #waitchallenge,"Subscribe for exclusive content from waveya:   https://patreon.com/waveya  ğŸ’–ğŸ’–ğŸ’–
ì›¨ì´ë¸Œì•¼ í˜íŠ¸ë¦¬ì˜¨ğŸ’—ì„œí¬íŠ¸ í•´ì£¼ì‹œë©´ ë…ì  ê³µê°œ  ë¯¸ê³µê°œ ì˜ìƒë“¤ì„ ë³¼ ìˆ˜ ìˆì–´ìš”",1.2K,"10,775",https://www.youtube.com/shorts/Q-bc44mPXl0,https://i.ytimg.com/vi/Q-bc44mPXl0/oardefault.jpg?sqp=-oaymwEdCJUDENAFSFWQAgHyq4qpAwwIARUAAIhCcAHAAQY=&rs=AOn4CLBjuQfyu1gSI8TiHouQyDchVlqibQ
ë²„ì„¯ë„ë¦¬,https://www.youtube.com/channel/UCYhUJGAH6HhOUJokzRupkpQ,1070000,24-08-2024,Aug 21 2024,No,ëˆ„ê°€ ìŠ¤í¬ë¼ì´í¬ ì¹ ê¹Œ?,ëˆ„ê°€ ìŠ¤í¬ë¼ì´í¬ ì¹ ê¹Œ?,1K,"39,506",https://www.youtube.com/shorts/99JTZvwhm4k,https://i.ytimg.com/vi/99JTZvwhm4k/oardefault.jpg?sqp=-oaymwEdCJUDENAFSFWQAgHyq4qpAwwIARUAAIhCcAHAAQY=&rs=AOn4CLBi1k_Stugi4iqrawhLsEpz7kXt_A
í‹°ìºìŠ¤íŠ¸ tcast,https://www.youtube.com/channel/UC8_wgZy23gjTNVQeyfwl92g,1310000,24-08-2024,Aug 23 2024,No,[#ë„ˆì—ê²Œë‚˜ë¥¼ë³´ë‚¸ë‹¤] ê°€ìœ„ì— ëˆŒë ¸ë˜ í˜„ì˜ì—ê²Œ ë‚˜íƒ€ë‚œ ì›ë¹ˆê¸‰ ì˜ìƒê¸´ ê·€ì‹ ...?! #Shorts,"#ë„ˆì—ê²Œë‚˜ë¥¼ë³´ë‚¸ë‹¤ #ì‹ ë™ì—½ ì •ì€í‘œ #ì•¤ë”” #ì¨ë‹ˆ #í•˜ì¬ìˆ™ #í™©ì¬ê·¼ #ê¹€ë™í˜„

ê·€ì‹ ì•„ ë³´ê³  ì‹¶ë‹¤...ğŸ’— ë¬´ì„­ê¸°ì—” ë„ˆë¬´ë„ ì˜ìƒê²¼ë˜ ê·€ì‹ 

ğŸ“º[Eì±„ë„] ì±„ë„ ë²ˆí˜¸ ğŸ‘‰ ì§€ë‹ˆTV 48ë²ˆ | Btv 49ë²ˆ | U+tv 76ë²ˆ | Skylife 44ë²ˆ
ğŸ“º[E LIKE] ì±„ë„ ë²ˆí˜¸ ğŸ‘‰ Btv 110ë²ˆ | U+tv 92ë²ˆ

ğŸ’—[í‹°ìºìŠ¤íŠ¸] ì¸ìŠ¤íƒ€ê·¸ë¨ ğŸ‘‰ @tcast.official
ğŸ’[Eì±„ë„] ì¸ìŠ¤íƒ€ê·¸ë¨ ğŸ‘‰ @echannel_tcast

â€» ì¶œì—°ìì— ëŒ€í•œ ë¬´ë¶„ë³„í•œ ë¹„ë°© ë° ìš•ì„¤ì€ ë¬´í†µë³´ ì‚­ì œ ì²˜ë¦¬ë©ë‹ˆë‹¤. ì‹œì²­ì ì—¬ëŸ¬ë¶„ì˜ ì–‘í•´ ë°”ëë‹ˆë‹¤.",51,"9,345",https://www.youtube.com/shorts/lteOMNSf024,https://i.ytimg.com/vi/lteOMNSf024/oar2.jpg?sqp=-oaymwEdCJUDENAFSFWQAgHyq4qpAwwIARUAAIhCcAHAAQY=&rs=AOn4CLDlBsTXYK9MNCJFpPNF9ynec4O78A
Mera,https://www.youtube.com/channel/UCwS6H7jX50ldmB_IHxECvKw,1490000,24-08-2024,Aug 22 2024,No,ì‹œêµ¬ ì…ì¥ ë° ë©˜íŠ¸ ì•„ì´ë¦° | 240821,"240821_kbo í”„ë¡œì•¼êµ¬ LGíŠ¸ìœˆìŠ¤ vs SSGëœë”ìŠ¤ @ì ì‹¤ì•¼êµ¬ì¥
ì˜ìƒí¸ì§‘ ë° ì¬ì—…ë¡œë“œ ê¸ˆì§€ (DO NOT EDIT, RE-UPLOAD this video)",85,"1,456",https://www.youtube.com/shorts/cX9KekEYW9A,https://i.ytimg.com/vi/cX9KekEYW9A/oardefault.jpg?sqp=-oaymwEdCJUDENAFSFWQAgHyq4qpAwwIARUAAIhCcAHAAQY=&rs=AOn4CLAAHdmit8KR-yJiOQO_rW5HVa_1bg
ìš”ì˜¬ë¦¬Yoli,https://www.youtube.com/channel/UCHW84cp8kDx9RGOJBtf9PUQ,3150000,24-08-2024,Aug 22 2024,No,"DIY Inside Out ""Angerâ¤ï¸ğŸ˜¡"" Squishy with nano tape #shorts","#shorts#satisfying#Squishy

DIY Inside Out ""Angerâ¤ï¸ğŸ˜¡"" Squishy with nano tape #shorts",543,"21,566",https://www.youtube.com/shorts/IWJq2kheRc4,https://i.ytimg.com/vi/IWJq2kheRc4/oardefault.jpg?sqp=-oaymwEdCJUDENAFSFWQAgHyq4qpAwwIARUAAIhCcAHAAQY=&rs=AOn4CLCdx8lKlwjed-Y7b4OrXsJ1CzrTSQ
ì±„ë„ì£¼ì¸ ë¶€ì¬ì¤‘,https://www.youtube.com/channel/UC5Ida86tt8QKa4Myw7idxNg,1150000,24-08-2024,Aug 08 2024,No,ì§€ê¸ˆ ì•„ë‹ˆë©´ ë‘ ë²ˆ ë‹¤ì‹œ ëª» ë³´ëŠ” ê°€ê²©..,"ì±„ë„ì— ê°€ì…í•˜ì—¬ í˜œíƒì„ ëˆ„ë ¤ë³´ì„¸ìš”.
https://www.youtube.com/channel/UC5Ida86tt8QKa4Myw7idxNg/join

ì˜ìƒì— ë‚˜ì˜¤ëŠ” ìƒí’ˆì´ ê¶ê¸ˆí•˜ë‹¤ë©´??ğŸ§ğŸ‘‰ğŸ»https://yo-go.co.kr

-Instagram (ê¸°ë™,Official)
https://www.instagram.com/kj_93/
https://www.instagram.com/hotdog_tv_/",170,"13,641",https://www.youtube.com/shorts/R9vhLZ-8Fr8,https://i.ytimg.com/vi/R9vhLZ-8Fr8/oar2.jpg?sqp=-oaymwEdCJUDENAFSFWQAgHyq4qpAwwIARUAAIhCcAHAAQY=&rs=AOn4CLDfnCFuHMhck_NxJX_foSMtyMCVDA
ê¾¹TV(Kkuk TV),https://www.youtube.com/channel/UCbuks6fmwRefCTGg9aNwgeQ,1820000,24-08-2024,Aug 05 2024,No,ë§¨ì¸ë¸”ë™ ë¹„íŠ¸ë°•ìŠ¤ ê°€ëŠ¥?,#maninblack #beatbox,568,"14,755",https://www.youtube.com/shorts/9w26hYeyKN4,https://i.ytimg.com/vi/9w26hYeyKN4/oardefault.jpg?sqp=-oaymwEdCJUDENAFSFWQAgHyq4qpAwwIARUAAIhCcAHAAQY=&rs=AOn4CLCq_M4VpvsM2ScAQQZDKBwml6EBgA
ë†€ë©´ ë­í•˜ë‹ˆ?,https://www.youtube.com/channel/UCx6jsZ02B4K3SECUrkgPyzg,1450000,24-08-2024,Aug 21 2024,No,[ë†€ë©´ ë­í•˜ë‹ˆ?] ê³ ìê·¹ ì´ìš°ì„ ì–‘ê¶,"#ë†€ë©´ë­í•˜ë‹ˆ #shorts #ë†€ë­ #ìœ ì¬ì„ #ì–‘ê¶ëŒ€í‘œíŒ€ #ì´ìš°ì„

â˜…â˜…â˜…More 'Hangout with Yoo' clips are availableâ˜…â˜…â˜…

iMBC
http://www.imbc.com/broad/tv/ent/hangoutwithyoo/vod/

WAVVE
https://www.wavve.com/player/vod?programid=M_1004711100000100000&page=1",675,"71,340",https://www.youtube.com/shorts/fNldG2dNC-w,https://i.ytimg.com/vi/fNldG2dNC-w/oar2.jpg?sqp=-oaymwEdCJUDENAFSFWQAgHyq4qpAwwIARUAAIhCcAHAAQY=&rs=AOn4CLDtfBsYe5U6zHvM8ZSJ9VMqjBK01Q
DRAMA Voyage,https://www.youtube.com/channel/UCKuwp52MjSk-zeFRpchSheg,853000,24-08-2024,Aug 18 2024,No,ê³µì‚¬ í•˜ì§€ë§ˆ #shorts,"ì •ì‹ ì¤„ ë†“ì•„ë²„ë¦° ì—„ë§ˆì˜
ì†Œë¦„ ë‹ëŠ” í•œ ë§ˆë””ã„·ã„·

#ê´´ë¬¼ #ì‹ í•˜ê·  #ì—¬ì§„êµ¬

[JTBC ë“œë¼ë§ˆë´ì•¼ì§€] êµ¬ë…í•˜ê¸°â˜ https://bit.ly/4erbkQd
------------------------------------------------------
ğŸ“Œ ì˜ìƒ ì† í”„ë¡œê·¸ë¨ì€?

ã€ê´´ë¬¼ï½œBeyond evilã€‘ -9í™”
http://tv.jtbc.joins.com/beyondevil
------------------------------------------------------",96,"9,674",https://www.youtube.com/shorts/oKykSlFwRes,https://i.ytimg.com/vi/oKykSlFwRes/oar2.jpg?sqp=-oaymwEdCJUDENAFSFWQAgHyq4qpAwwIARUAAIhCcAHAAQY=&rs=AOn4CLDrKBRUp_fIJwd53TLZqUzuCuGX5w
ì‹ ì˜í•œìˆ˜,https://www.youtube.com/channel/UCgOLQwRv1r2m9mhE1tfsn3Q,1500000,24-08-2024,Aug 19 2024,No,"ê¹€ì„¸ì˜, ìœ¤ì„ì—´ ìš•ì„¤ ë‚œë¦¬ë‚¬ë‹¤!","ê¹€ì„¸ì˜, ìœ¤ì„ì—´ ìš•ì„¤ ë‚œë¦¬ë‚¬ë‹¤!",907,"23,237",https://www.youtube.com/shorts/HXHacT99rg4,https://i.ytimg.com/vi/HXHacT99rg4/oar2.jpg?sqp=-oaymwEdCJUDENAFSFWQAgHyq4qpAwwIARUAAIhCcAHAAQY=&rs=AOn4CLDVJ1JbC0PDvbEo-t6TrMchwvbEOg
TVCHOSUN JOY,https://www.youtube.com/channel/UCYeeEwH_s9yD9HQe4e2JuBw,1500000,24-08-2024,Aug 23 2024,No,[JOY #Shorts] ì´ê±°ì´ê±° ì¼ ì•ˆí•˜ê³  ì—°ì• í–ˆë„¤ #ì•„ë¹ í•˜ê³ ë‚˜í•˜ê³ ,[JOY #Shorts] ì´ê±°ì´ê±° ì¼ ì•ˆí•˜ê³  ì—°ì• í–ˆë„¤ #ì•„ë¹ í•˜ê³ ë‚˜í•˜ê³ ,67,"7,832",https://www.youtube.com/shorts/THWY-rjuP4o,https://i.ytimg.com/vi/THWY-rjuP4o/oardefault.jpg?sqp=-oaymwEdCJUDENAFSFWQAgHyq4qpAwwIARUAAIhCcAHAAQY=&rs=AOn4CLDUOMhJuwUXEm1-wZiW3kdDgXH76g
KBS êµì–‘,https://www.youtube.com/channel/UCHlSeJxRIXZWMARC2oMwmcQ,1490000,24-08-2024,Aug 22 2024,No,ë©‹ì§€ë©´ ë¬´ì¡°ê±´ í˜•! #ì¥ë¯¼í˜¸ #ì¥ì„±ê·œ #2ì¥1ì ˆ | KBS 20240821 ë°©ì†¡,"ë©‹ì§€ë©´ ì˜¤ëŠ˜ë¶€í„° ë¬´ì¡°ê±´ í˜•! #ì¥ë¯¼í˜¸ #ì¥ì„±ê·œ #2ì¥1ì ˆ | KBS 20240821 ë°©ì†¡ 

#ìŠˆí¼ì¹´ #ìë™ì°¨ì •ë¹„ì†Œ #ê´‘ì£¼ #ì¥ë¯¼í˜¸ #ì¥ì„±ê·œ #2ì¥1ì ˆ #ê¸ˆì˜ë…¸ë˜ë°© #ê¸ˆì˜ì—”í„°í…Œì¸ë¨¼íŠ¸ 

âœ” ë”°ëœ»í•œ ê°ë™, ì•Œì°¬ ì •ë³´ KBS êµì–‘ ê³µì‹ ì±„ë„ 
âœ” ì¸ê°„ê·¹ì¥, ì•„ì¹¨ë§ˆë‹¹, ì´ì›ƒì§‘ì°°ìŠ¤, 2TVìƒìƒì •ë³´ ë“± KBS ëŒ€í‘œ ì½˜í…ì¸ ê°€ í•œ ê³³ì— ğŸ“ºğŸ“² 
âœ” KBSêµì–‘ êµ¬ë…í•˜ê¸° â¡ï¸ http://www.youtube.com/@KBSLife
Copyright  â“’ KBS. All rights reserved. ë¬´ë‹¨ì „ì¬, ì¬ë°°í¬ ë° ì´ìš©(AI í•™ìŠµ í¬í•¨) ê¸ˆì§€ 

ğŸ“¢ ì˜ìƒ ë°©ì†¡ ì‹œì ì— ë”°ë¼ í˜„ ìƒí™©ê³¼ ë‚´ìš©ì´ ë‹¤ì†Œ ë‹¤ë¥¼ ìˆ˜ ìˆìŠµë‹ˆë‹¤
ğŸ“¢ ë¹„ë°© ë° ì•…ì„± ëŒ“ê¸€ì€ ì¶œì—°ì ë³´í˜¸ë¥¼ ìœ„í•´ ìš´ì˜ìê°€ ì‚­ì œí•  ìˆ˜ ìˆìŠµë‹ˆë‹¤",480,"6,941",https://www.youtube.com/shorts/xMAPHmwBtgI,https://i.ytimg.com/vi/xMAPHmwBtgI/oar2.jpg?sqp=-oaymwEdCJUDENAFSFWQAgHyq4qpAwwIARUAAIhCcAHAAQY=&rs=AOn4CLBWhGMeIIrC4vQOlzj-5sVq0_NQpA
STAYC,https://www.youtube.com/channel/UCod5V2dpnpJLklGvVOv5FcQ,1740000,24-08-2024,Aug 22 2024,No,ğŸğŸ #STAYC #ìŠ¤í…Œì´ì”¨ #Sumin #ìˆ˜ë¯¼ #ISA #ì•„ì´ì‚¬,"ğŸğŸ

#STAYC #ìŠ¤í…Œì´ì”¨ 
#Sumin #ìˆ˜ë¯¼ 
#ISA #ì•„ì´ì‚¬",3.8K,"23,513",https://www.youtube.com/shorts/8I9-bBW9t00,https://i.ytimg.com/vi/8I9-bBW9t00/oardefault.jpg?sqp=-oaymwEdCJUDENAFSFWQAgHyq4qpAwwIARUAAIhCcAHAAQY=&rs=AOn4CLDmBLb5cYYi4S-xAGsIdxSx_-iABA
ë ˆì•Œì˜ˆëŠ¥ ìŠ¤ë¸ŒìŠ¤,https://www.youtube.com/channel/UCy-swBYpRZx7KW11FStjTgw,772000,24-08-2024,Aug 21 2024,No,[#í™”ì œì˜1ë¶„] ì œ ì‚¶ì´ì–ì•„ìš”... #shorts,"#í™”ì œì˜1ë¶„ #ëŒì‹±í¬ë§¨ #ë§¤ì£¼í™”ìš”ì¼ë³¸ë°©ì‚¬ìˆ˜
Ep.149
#ì‹ ë°œë²—ê³ ëŒì‹±í¬ë§¨ #shorts #íƒì¬í›ˆ #ì„ì›í¬ #ì´ìƒë¯¼ #ê¹€ì¤€í˜¸ #ì„œì •í¬ #ì„œë™ì£¼ #ìµœì—¬ì§„
â˜ ë§¤ì£¼ í™”ìš”ì¼ ì˜¤í›„ 09:00",137,"20,280",https://www.youtube.com/shorts/Npz_sOIAB5w,https://i.ytimg.com/vi/Npz_sOIAB5w/oar2.jpg?sqp=-oaymwEdCPMCENAFSFWQAgHyq4qpAwwIARUAAIhCcAHAAQY=&rs=AOn4CLDeZJE1n1oh7Jr-hugDejFOGEU7_w
HITEJINRO,https://www.youtube.com/channel/UCmvqXRPTfMgkKF3MFWylMqQ,125000,24-08-2024,Aug 19 2024,No,ë”ë¸” í™íŒ©íŠ¸ ì‹œë¦¬ì¦ˆ [ì¼ˆë¦¬xë°€ë¦¬ì˜ ì„œì¬_ë°€ë¦¬ì—ì„œ ì±„ìš°ê³  ì¼ˆë¦¬ë¥¼ ë¹„ìš°ë‹¤],"ë‚˜ì˜ ë¼ì´í”„ìŠ¤íƒ€ì¼ì„
ë” í™í•˜ê²Œ ì±„ìš°ëŠ” ë°©ë²•, ì±…ë§¥ ğŸºxğŸ“–

ë°€ë¦¬ì˜ ì„œì¬ì—ì„œ ì±„ìš°ê³ 
ì¼ˆë¦¬ë¥¼ ë¹„ìš°ë©´, ì´ê²Œ ë°”ë¡œ íë§ğŸ§¡

ë‚´ ì¼ìƒì´ í™í•´ì§€ëŠ” ë§Œë‚¨, ë”ë¸” í™íŒ©íŠ¸âš¡",7,203,https://www.youtube.com/shorts/WEUQ_4rTGsI,https://i.ytimg.com/vi/WEUQ_4rTGsI/oardefault.jpg?sqp=-oaymwEdCJUDENAFSFWQAgHyq4qpAwwIARUAAIhCcAHAAQY=&rs=AOn4CLBI2JcdYiptWiTYcJZij_WvEh9grQ
ì½”ë„ˆKorner,https://www.youtube.com/channel/UCYACixxri8vQLQ6BSriQehw,1170000,24-08-2024,Aug 16 2024,No,ëŒ€ë†“ê³  ì¹´ë©”ë¼ : ê¶ë‘¥ì§ ê°ˆê¸°ê¸°ã…‹ã…‹ã…‹ã…‹ã…‹,ëŒ€ë†“ê³  ì¹´ë©”ë¼ : ê¶ë‘¥ì§ ê°ˆê¸°ê¸°ã…‹ã…‹ã…‹ã…‹ã…‹,2.5K,"70,111",https://www.youtube.com/shorts/4soWWohe-SA,https://i.ytimg.com/vi/4soWWohe-SA/oardefault.jpg?sqp=-oaymwEdCJUDENAFSFWQAgHyq4qpAwwIARUAAIhCcAHAAQY=&rs=AOn4CLCJGKwKWM9ZuFRIX3aNzNDughJDQg
TAEYEON Official,https://www.youtube.com/channel/UCFPI8MI3zmzTlV4W-oSy-Ig,812000,24-08-2024,Aug 20 2024,No,#ì¦¤ë¤„ ì•¼ ìƒì¼ì¶•í•˜í•œë‹¤ğŸ‚#ì ¤íƒ„ì ˆ #ì œë¡œ #zero #íƒœì—° #TAEYEON #ì†Œë…€ì‹œëŒ€ #GirlsGeneration #shorts,#ì¦¤ë¤„ ì•¼ ìƒì¼ì¶•í•˜í•œë‹¤ğŸ‚#ì ¤íƒ„ì ˆ #ì œë¡œ #zero #íƒœì—° #TAEYEON #ì†Œë…€ì‹œëŒ€ #GirlsGeneration #shorts,1.6K,"7,545",https://www.youtube.com/shorts/XLiHOPcAiV0,https://i.ytimg.com/vi/XLiHOPcAiV0/oardefault.jpg?sqp=-oaymwEdCJUDENAFSFWQAgHyq4qpAwwIARUAAIhCcAHAAQY=&rs=AOn4CLDTKR5Mvw5RQwSFufrJPLmN1q4WSw
NSë‚¨ìˆœ,https://www.youtube.com/channel/UC3W3kEmrLrRfec2qNrE6w4A,835000,24-08-2024,Mar 16 2024,No,ì˜¤ëœë§Œì— ì—¬ë™ìƒì´ ë†€ëŸ¬ì™”ëŠ”ë°.. ì´ë»ì¡Œë‹¤?,"#ë‚¨ìˆœ #ëŸ¬ì•„

- ë³¸ ì±„ë„ì—ëŠ” ìƒë°©ì†¡  ì†¡ì¶œ ì‹œ ë°°ë„ˆ ê´‘ê³ ë¥¼ í¬í•¨í•˜ê³  ìˆìŠµë‹ˆë‹¤.
- ë¶„ë€ì„ ì¡°ì¥í•˜ëŠ” ëŒ“ê¸€ì€ ì˜ˆê³  ì—†ì´ ì‚­ì œ ë  ìˆ˜ ìˆìŒì„ ì•Œë ¤ë“œë¦½ë‹ˆë‹¤.

[ NS link ]
- ìœ íŠœë¸Œ ê´€ë ¨ë¬¸ì˜ : roy3296@naver.com
- í’€ì˜ìƒ ë‹¤ì‹œë³´ê¸° : https://bit.ly/3kLjrvf
- ì•„í”„ë¦¬ì¹´ ìƒë°©ì†¡ : https://www.afreecatv.com/wnnw
- ë‚¨ìˆœ ì¸ìŠ¤íƒ€í¬ë¨ :https://www.instagram.com/wnnw2
- ëŒ€í‘œ ë©”ì¼ ë¬¸ì˜ : vm222@naver.com",609,"51,615",https://www.youtube.com/shorts/bp2F7YIbfjw,https://i.ytimg.com/vi/bp2F7YIbfjw/oar2.jpg?sqp=-oaymwEdCJUDENAFSFWQAgHyq4qpAwwIARUAAIhCcAHAAQY=&rs=AOn4CLAjJ-iQMrHy4s5UeH-W-AW5A1O2tg
ìš°ì™€ì†Œ Wowcow,https://www.youtube.com/channel/UCIf9MAsbvtXYBxRDhcqr4VQ,613000,24-08-2024,Jul 31 2024,No,ë²”ìƒì¹˜ ì•Šì€ í•¨ë°•ì´ì˜ íƒœë™ ì˜ìƒ,ë²”ìƒì¹˜ ì•Šì€ í•¨ë°•ì´ì˜ íƒœë™ ì˜ìƒ,4.9K,"150,225",https://www.youtube.com/shorts/ovSVa_9dO0s,https://i.ytimg.com/vi/ovSVa_9dO0s/oardefault.jpg?sqp=-oaymwEdCJUDENAFSFWQAgHyq4qpAwwIARUAAIhCcAHAAQY=&rs=AOn4CLCrJGUDV9fTlf2_kINBo0hN-7Zuqw
KBS ê°™ì´ì‚½ì‹œë‹¤,https://www.youtube.com/channel/UCp3Vy7dFjIheDLbMekpdMQw,1580000,24-08-2024,Aug 02 2024,No,1350ê°œì˜ ì—­ëŒ€ê¸‰ ê¹€ì¥ ìŠ¤ì¼€ì¼#shorts,1350ê°œì˜ ì—­ëŒ€ê¸‰ ê¹€ì¥ ìŠ¤ì¼€ì¼#shorts,175,"14,709",https://www.youtube.com/shorts/wAwQEmyCf3Y,https://i.ytimg.com/vi/wAwQEmyCf3Y/oardefault.jpg?sqp=-oaymwEdCJUDENAFSFWQAgHyq4qpAwwIARUAAIhCcAHAAQY=&rs=AOn4CLATF0aEoSTXp9Vkd3IhfNdmNTeZXg
Red Pajama Yaco,https://www.youtube.com/channel/UCWhiqHa4dVohOTSUQwK-l2g,1090000,24-08-2024,Aug 22 2024,No,ì„¸ê³„ë¡œ ê°€!,"#shorts #ìœ ë¨¸ #ì•„ì‹œê² ì£ ?
ì•¼ì½” ìŠ¤íŠœë””ì˜¤
ë¹¨ê°„ë‚´ë³µì•¼ì½”, ì‹­ì œê³±, ì€ê°œ, ì¬í‚´, í•˜í‘¸, ìµœíƒ±, ì·¨ì†Œ, ë‘ë¶€ì—¬ì, ê¹€ë§ë¦¬, ë ¤ë¬´, êµìŠ¹ì¸, ì„œì§„, ì–‘ë°°ì¶”ë¦…

ë³¸ ì±„ë„ì˜ ìŒì•…ë“¤ì€ ì§ì ‘ ì‘ê³¡/ì‘ì‚¬/í¸ê³¡ëœ ê³¡ë“¤ë¡œ ëª¨ë“  ì €ì‘ê¶Œì€ ë¹¨ê°„ë‚´ë³µì•¼ì½”ì—ê²Œ ìˆìœ¼ë©°, ë¬´ë‹¨ìœ¼ë¡œ ì‚¬ìš©ì„ ê¸ˆì§€í•©ë‹ˆë‹¤.

ì•¼ì½” í˜ì´ìŠ¤ë¶ https://www.facebook.com/yacotop1
ì•¼ì½” ì¸ìŠ¤íƒ€ê·¸ë¨ https://www.instagram.com/redpajamayaco/",19K,"332,480",https://www.youtube.com/shorts/Vf7FJGhRsGs,https://i.ytimg.com/vi/Vf7FJGhRsGs/oar2.jpg?sqp=-oaymwEdCJUDENAFSFWQAgHyq4qpAwwIARUAAIhCcAHAAQY=&rs=AOn4CLAiN6NYEYUYELlsvh2moo6BxZEauw
ë³´ë¼ë¯¸TV BoramiTV,https://www.youtube.com/channel/UCtluW96Vp3Z7tzvU1orf3Vw,2680000,24-08-2024,Jun 23 2024,No,aespa ì—ìŠ¤íŒŒ â€˜Armageddonâ€™,aespa ì—ìŠ¤íŒŒ â€˜Armageddonâ€™,N/A,"3,947",https://www.youtube.com/shorts/mWxC3mdWeu0,https://i.ytimg.com/vi/mWxC3mdWeu0/oardefault.jpg?sqp=-oaymwEdCJUDENAFSFWQAgHyq4qpAwwIARUAAIhCcAHAAQY=&rs=AOn4CLAHjqYMConFZEqfwUXinL7ii-go5g
ì”ë§ë£¨í”¼ ZANMANG LOOPY,https://www.youtube.com/channel/UChIgH6NybaNC_mkp4-gbX3A,2170000,24-08-2024,Aug 22 2024,No,í¬í•œí—ˆë‹¤~ #ì”ë§ë£¨í”¼ #Shorts â€ª@ralralâ€¬,"#ì”ë§ë£¨í”¼ #ì‡¼ì¸  #shorts 

ğŸ“ì”ë§ë£¨í”¼ íŠ¸ìœ„í„° https://twitter.com/ZM_Loopy
ğŸ“ì”ë§ë£¨í”¼ í‹±í†¡ https://www.tiktok.com/@zanmangloopyofficial
ğŸ“ì”ë§ë£¨í”¼ ì¸ìŠ¤íƒ€ê·¸ë¨ https://www.instagram.com/zanmang_loopy/
ğŸ“ì”ë§ë£¨í”¼ êµ¿ì¦ˆìŠ¤í† ì–´ https://smartstore.naver.com/zanmangloopy
Â© ICONIX/ OCON/ EBS / SKbroadband",752,"16,556",https://www.youtube.com/shorts/8P6OUzoGR_U,https://i.ytimg.com/vi/8P6OUzoGR_U/oar2.jpg?sqp=-oaymwEdCJUDENAFSFWQAgHyq4qpAwwIARUAAIhCcAHAAQY=&rs=AOn4CLBTd3_DGrXCfwl-gCFEQi5cdfoX4g
MLD ENTERTAINMENT,https://www.youtube.com/channel/UC62GnXAfqgm8Fcn_i9kiuqw,2260000,24-08-2024,Jul 24 2024,No,"New:ID ""GHOST"" Challenge #1ğŸ‘» ğŸ”œ 2024.07.25. 12AM (PHT) #New_ID #ë‰´ì´ë“œ #GHOST","New:ID ""GHOST"" Challenge #1ğŸ‘» ğŸ”œ 2024.07.25. 12AM (PHT) #New_ID #ë‰´ì´ë“œ #GHOST",513,"3,521",https://www.youtube.com/shorts/Zv6GLW7AoKo,https://i.ytimg.com/vi/Zv6GLW7AoKo/oar2.jpg?sqp=-oaymwEdCJUDENAFSFWQAgHyq4qpAwwIARUAAIhCcAHAAQY=&rs=AOn4CLCkPawdFbfdstY313xejEErSUGvrQ
ë² ë¦¬ì˜ í—¬ë¡œí† ì´ Berry's Hellotoy,https://www.youtube.com/channel/UCMMRxhOov9iB3TI2SgDsbfw,661000,24-08-2024,Aug 12 2024,No,ì¶¤ì¶”ëŠ” ì¹´ë´‡ ì²¨ë´ìœ ?ğŸ‘€,ì¶¤ì¶”ëŠ” ì¹´ë´‡ ì²¨ë´ìœ ?ğŸ‘€,N/A,"18,976",https://www.youtube.com/shorts/qdDQiCuEvWY,https://i.ytimg.com/vi/qdDQiCuEvWY/oar2.jpg?sqp=-oaymwEdCJUDENAFSFWQAgHyq4qpAwwIARUAAIhCcAHAAQY=&rs=AOn4CLACnJHmyKbHsHl4hWJ1GJaBMMFvdw
ë‚´ì…”ë„ì§€ì˜¤ê·¸ë˜í”½ - National Geographic Korea,https://www.youtube.com/channel/UCPECLB_-7T4WukChKqhjv8g,1850000,24-08-2024,Aug 21 2024,No,(ëƒ‡ì§€ì˜¤) ìˆ˜ìš”ì¼ì—” ê·€ì—¬ìš´ ê±¸ ë³´ì,"í˜¹ë“±ê³ ë˜ì˜ ê°“ íƒœì–´ë‚œ ìƒˆë¼ëŠ” ëª¸ê¸¸ì´ê°€ 4.5mì…ë‹ˆë‹¤. 
ì§§ê²ŒëŠ” ë§Œ 1ë…„ ë™ì•ˆ ì—„ë§ˆ ê³ ë˜ì™€ í•¨ê»˜í•˜ë‹¤ê°€ ë…ë¦½í•œë‹¤ê³  í•˜ë„¤ìš”. 


[[ìµìŠ¤íŠ¸ë¦¼ ì• ë‹ˆë©€ ë² ì´ë¹„(Extreme Animal Babies)] ë” ë§ì€ ì˜ìƒì€ ë‚´ì…”ë„ì§€ì˜¤ê·¸ë˜í”½ ìœ íŠœë¸Œì—ì„œ í™•ì¸í•˜ì„¸ìš”


ë””ì¦ˆë‹ˆ+ì—ì„œ ë” ë§ì€ ì˜ìƒ í™•ì¸í•˜ê¸°: https://www.disneyplus.com/ko-kr 
ë‚´ì…”ë„ì§€ì˜¤ê·¸ë˜í”½ ìœ íŠœë¸Œ êµ¬ë…í•˜ê¸°:  http://bit.ly/NGCKorea  
ë‚´ì…”ë„ì§€ì˜¤ê·¸ë˜í”½ ì¸ìŠ¤íƒ€ê·¸ë¨: http://www.instagram.com/natgeokorea  
ë‚´ì…”ë„ì§€ì˜¤ê·¸ë˜í”½ í™ˆí˜ì´ì§€: http://www.natgeokorea.com",151,"4,881",https://www.youtube.com/shorts/HnykCRdObU8,https://i.ytimg.com/vi/HnykCRdObU8/oar2.jpg?sqp=-oaymwEdCJUDENAFSFWQAgHyq4qpAwwIARUAAIhCcAHAAQY=&rs=AOn4CLDh54xYTdHYUSZJVadbMx2FL_oSNA
ë§ˆì´ë¦° TV,https://www.youtube.com/channel/UCNzn4cWu4ygeWTxXfP4ufug,1070000,24-08-2024,Mar 28 2024,No,"ê³ ë“±í•™êµ ì²« ë“±êµë‚  ì•„ì¹¨, ì…”í‹€ë²„ìŠ¤ë¥¼ ë†“ì³¤ë‹¤ #ê·¸ë•ê·¸ë¬ì§€ #ì§€ê¸ˆì€ê³ 3","ê³ ë“±í•™êµ ì²« ë“±êµë‚  ì•„ì¹¨, ì…”í‹€ë²„ìŠ¤ë¥¼ ë†“ì³¤ë‹¤ #ê·¸ë•ê·¸ë¬ì§€ #ì§€ê¸ˆì€ê³ 3",508,"21,218",https://www.youtube.com/shorts/zUHYASg8rhU,https://i.ytimg.com/vi/zUHYASg8rhU/oardefault.jpg?sqp=-oaymwEdCJUDENAFSFWQAgHyq4qpAwwIARUAAIhCcAHAAQY=&rs=AOn4CLDv0O7BN6sQCQ8Fgw2kzb1fXNV4wg
í•˜ì´í‹´ì—ì´ì € Hi-teenager,https://www.youtube.com/channel/UCtCgJ6RAwOHQK15FitaLgoQ,3300000,24-08-2024,Aug 22 2024,No,ìš°ë¦¬ ì§‘ì¸ë°...?,#shorts,538,"18,253",https://www.youtube.com/shorts/p2IC80ynfCc,https://i.ytimg.com/vi/p2IC80ynfCc/oardefault.jpg?sqp=-oaymwEdCJUDENAFSFWQAgHyq4qpAwwIARUAAIhCcAHAAQY=&rs=AOn4CLBjHrm_F8xfA4OmABFgL4nwDvEs5A
ë‰´ìš•ì´ë„¤,https://www.youtube.com/channel/UChEwXdVqiTrVOBiq4rOzfGA,1830000,24-08-2024,Nov 28 2023,No,ì¤„ë„˜ê¸° ëŒ€íšŒ 250ëª… ì¤‘ 1ìœ„ ì‹¤ë ¥ì€? (ì´ˆ5 30ì´ˆ ë²ˆê°ˆì•„ë›°ê¸°),"í•œêµ­ì˜¤í”ˆ êµ­ì œ ì¤„ë„˜ê¸° ì„ ìˆ˜ê¶Œ ëŒ€íšŒ
#ì¤„ë„˜ê¸° #ë²ˆê°ˆì•„ë›°ê¸° #shorts",247,"13,845",https://www.youtube.com/shorts/hxokjgV4OCo,https://i.ytimg.com/vi/hxokjgV4OCo/oardefault.jpg?sqp=-oaymwEdCJUDENAFSFWQAgHyq4qpAwwIARUAAIhCcAHAAQY=&rs=AOn4CLAK4lVyk8sKG0u4wYoMS_5Ci7gC9g
ìŠ¤íŠœë””ì˜¤ ì°,https://www.youtube.com/channel/UCAyvCxdhYV-Zg7PSGZJoQ2A,612000,24-08-2024,Aug 16 2024,No,ë‰´ì§„ìŠ¤ í•´ë¦° ì˜· ì…ê³  ëŸ°ì›¨ì´ ì„  ë‚¨ì ëª¨ë¸,#shorts #ì•ˆì¬í˜„ #ì²œì—ì˜¤ì‹­ #ê°•ë‚¨,293,"14,910",https://www.youtube.com/shorts/gcf1T4rwYis,https://i.ytimg.com/vi/gcf1T4rwYis/oar2.jpg?sqp=-oaymwEdCJUDENAFSFWQAgHyq4qpAwwIARUAAIhCcAHAAQY=&rs=AOn4CLA4dHaC3w6ZQQYc1P6Odq3RG2onUA
ì½”ë¯¸ë””ë¹…ë¦¬ê·¸,https://www.youtube.com/channel/UChLGxPXbXU_xIxTfTTMGn5g,622000,24-08-2024,Sep 19 2023,No,"ì¬ì·¨ì—…ì— ì‹¤íŒ¨í•œ ì‚¬ëª¨ë‹˜, ê·¸ë…€ì˜ ì„ íƒì€? EP.515",#ì½”ë¯¸ë””ë¹…ë¦¬ê·¸ #shorts #ì‡¼ì¸  #reels #ë¦´ìŠ¤ #ë‚˜ì˜ì¥ì‚¬ì¼ì§€ #ìµœì„±ë¯¼ #ì¥í™ì œ #ì´ì •ìˆ˜ #ê¹€ì„±ì› #ì–‘ê¸°ì›… #ë°•ê²½í˜¸ #ê¹€ê°€ì€ #ê¹€ê·œì› #íŠ¹ì „ì‚¬ #í•´ë³‘ëŒ€ #ë¬´ì í•´ë³‘ #ë¬´ì í•´ë³‘ë°•ì¤‘ìœ„ #ê¹€ê¸°ì‚¬ #ì‚¬ëª¨ë‹˜ #ìš´ì „í•´ #ì–´ì„œ,1.9K,"146,772",https://www.youtube.com/shorts/31v1_syWNoA,https://i.ytimg.com/vi/31v1_syWNoA/oar2.jpg?sqp=-oaymwEdCJUDENAFSFWQAgHyq4qpAwwIARUAAIhCcAHAAQY=&rs=AOn4CLCtG71ZrNfKlrcOO1OIo2wDLnJQTA
SBS Radio ì—ë¼ì˜¤,https://www.youtube.com/channel/UCAmff0euQRf6RwVlbB8PLMw,1500000,24-08-2024,Aug 22 2024,No,'ë„ì „ì˜ ì•„ì´ì½˜' ì‹¬í˜•ë˜ê°€ MZì„¸ëŒ€ì—ê²Œ ì „í•˜ëŠ” ì‘ì›ì˜ í•œ ë§ˆë””!ğŸ™‚ã…£ê°œê·¸ë§¨ ì‹¬í˜•ë˜ã…£ìœ ë¯¼ìƒì˜ ë°°ê³ í”ˆ ë¼ë””ì˜¤,"#ì‹¬í˜•ë˜ #ê°œê·¸ë§¨ #ì½”ë¯¸ë””ì–¸ #mzì„¸ëŒ€
#ë°°ê³ í”ˆë¼ë””ì˜¤ #ìœ ë°°ë¼ #ìœ ë¯¼ìƒ #ê¿€ë””


SBS ëŸ¬ë¸ŒFM 103.5MHz
ì›”~ê¸ˆ ì˜¤í›„ 2ì‹œ 20ë¶„~4ì‹œ
í† , ì¼ ì˜¤í›„ 2ì‹œ 5ë¶„~4ì‹œ ìœ ë¯¼ìƒì˜ ë°°ê³ í”ˆ ë¼ë””ì˜¤
2024ë…„ 8ì›” 22ì¼ ë°©ì†¡ì¤‘

Copyright â’¸ SBS. All rights reserved. ë¬´ë‹¨ ì „ì¬, ì¬ë°°í¬ ë° AIí•™ìŠµ ì´ìš© ê¸ˆì§€",N/A,"21,812",https://www.youtube.com/shorts/TPENv4e3LCw,https://i.ytimg.com/vi/TPENv4e3LCw/oar2.jpg?sqp=-oaymwEdCJUDENAFSFWQAgHyq4qpAwwIARUAAIhCcAHAAQY=&rs=AOn4CLDA2kTOdB8w4HxPXoVnzSMDw7Uo5A
ë³´ë‹¤ BODA,https://www.youtube.com/channel/UCoCvTlU0KpNYwnMIgs7MPrA,2029999,24-08-2024,Jul 07 2024,No,ê³¤ì¶© ì „ë¬¸ê°€ê°€ ì•Œë ¤ì£¼ëŠ” ëª¨ê¸°ë¥¼ í”¼í•˜ëŠ” ì‹ ë°•í•œ ë°©ë²• ã…‹ã…‹,í’€ë²„ì „ ë³´ëŸ¬ê°€ê¸°: https://www.youtube.com/watch?v=02uqD9CNsa0&t=610s,11K,"983,549",https://www.youtube.com/shorts/HpU1QCTUPbA,https://i.ytimg.com/vi/HpU1QCTUPbA/oar2.jpg?sqp=-oaymwEdCJUDENAFSFWQAgHyq4qpAwwIARUAAIhCcAHAAQY=&rs=AOn4CLCSvncI-mSm6TxLvomVsaTzAAW6Dw
THE BOYZ,https://www.youtube.com/channel/UCkJ1rbOrsyPfBuHNfnLPm-Q,2270000,24-08-2024,Aug 22 2024,No,ê¹€ì˜í›ˆ ìˆ˜ë‚œì‹œëŒ€ğŸ¥¹ #THEBOYZ #ë”ë³´ì´ì¦ˆ #ë°±íˆ¬ë”ë³´ì´ì¦ˆ #ëœ¨ê±°ìš´ë©¤ë²„ë“¤,ê¹€ì˜í›ˆ ìˆ˜ë‚œì‹œëŒ€ğŸ¥¹ #THEBOYZ #ë”ë³´ì´ì¦ˆ #ë°±íˆ¬ë”ë³´ì´ì¦ˆ #ëœ¨ê±°ìš´ë©¤ë²„ë“¤,1.4K,"10,407",https://www.youtube.com/shorts/XqRNKnYq8Ec,https://i.ytimg.com/vi/XqRNKnYq8Ec/oardefault.jpg?sqp=-oaymwEdCJUDENAFSFWQAgHyq4qpAwwIARUAAIhCcAHAAQY=&rs=AOn4CLD32mcHO0lkpHjzd5F5wyuTTEQtOQ
ASMR PPOMO,https://www.youtube.com/channel/UCAtFkapSeoEGPxm5bC3tvaw,2650000,24-08-2024,May 20 2024,No,ASMR ï¼¥ï½ï½’ï½‡ï½ï½“ï½ğŸ‘‚,"Oh, everyone! Hello, it's a beautiful Spring day! :3 Today, I brought you the ultimate ear massage ASMR. I made this video to test out some new ears, focusing on various sounds made by not just touching, but also folding and tapping different parts of the ears. Hmm... did it work out? Hehe... Thank you so much for taking the time to watch, and I hope you have a relaxing moment! #asmr #earmassage",2.5K,"44,832",https://www.youtube.com/shorts/kSl0SRsyo64,https://i.ytimg.com/vi/kSl0SRsyo64/oar2.jpg?sqp=-oaymwEdCJUDENAFSFWQAgHyq4qpAwwIARUAAIhCcAHAAQY=&rs=AOn4CLAqNJE85cQvky7VhF7kbn5CdgLHaw
ë³„ë†ˆë“¤,https://www.youtube.com/channel/UCXTQWsvCnuKxqnbBFMYhrSA,1270000,24-08-2024,Aug 19 2024,No,ì•¼ì°¨ë£°ë¡œ ê°œë… ì—†ëŠ” ë§‰ë‚´ë‘ ì‹¸ìš°ëŠ” ì„ ì„..ã„·ã„·,"ë¸Œê¸ˆì¶œì²˜- https://www.youtube.com/user/GwooA (ë¸Œê¸ˆëŒ€í†µë ¹)

ê´‘ê³ ,í˜‘ì°¬ ë¬¸ì˜ëŠ” stars9910@naver.com 

ì¬ë°Œê²Œ ë³´ì‹œêµ¬ êµ¬ë…ê³¼ ì¢‹ì•„ìš” ë¶€íƒë“œë¦´ê²Œìš”~ 

ë‚˜ì„ ìš± ì¸ìŠ¤íƒ€ https://www.instagram.com/hahahahauk/ 

í™©ì¸ì‹¬ ì¸ìŠ¤íƒ€ https://www.instagram.com/she_meeee/

ì¥ì˜í˜¸ ì¸ìŠ¤íƒ€ https://www.instagram.com/95_0_ho/

#í˜ì´í¬ë‹¤í #í˜„ì‹¤ê³ ì¦ #ì•¼ì°¨",1.5K,"82,172",https://www.youtube.com/shorts/wAxXpSqhxWY,https://i.ytimg.com/vi/wAxXpSqhxWY/oar2.jpg?sqp=-oaymwEdCJUDENAFSFWQAgHyq4qpAwwIARUAAIhCcAHAAQY=&rs=AOn4CLD4xuC7Uv-ALhqbHedG7CHpggvVFA
ì¤€ìš°,https://www.youtube.com/channel/UCGrfaHcg6r4JWAZyo_cvKZQ,1320000,24-08-2024,Apr 23 2024,No,12ë…„ë™ì•ˆ ì§ì‚¬ë‘í•˜ë‹¤ ê³ ë°±í–ˆë”ë‹ˆ..,"#shorts 

ì¹´í†¡ì»¨í…ì¸  ì‚¬ì—°ì€ ìƒë°©ì—ì„œ ì¦‰ì„ìœ¼ë¡œ ì±„íƒí•˜ê³  ìˆìœ¼ë©°
ì‹ ì²­í•˜ì‹œëŠ”ë¶„ë“¤ì€ ì—…ë¡œë“œì— ë™ì˜í•˜ì‹œëŠ”ë¶„ë“¤ë§Œ ì‹ ì²­ì£¼ì„¸ìš”
ë‚˜ì¤‘ì— ëª»ì§€ì›Œì—¬!!!!

*ì¤€ìš° ì¸ìŠ¤íƒ€=https://www.instagram.com/woojun_l

(ì§„í–‰ëœ ì¹´í†¡ì•„ë””ë‘ ë¹„ë²ˆì€ ë³´ê´€ ì•ˆí•˜ê³  
 ë°©ì†¡ëë‚˜ê³  ì±„íŒ…ë°© ë‚˜ê°€ë“œë¦½ë‹ˆë‹¤!
ìƒëŒ€ë°© ì´ë¦„ì€ í•˜ê¸°ì „ì— ì œê°€ ì‚´ì§ ë°”ê¿‰ë‹ˆë‹¤!)",1.6K,"111,956",https://www.youtube.com/shorts/ec12Gpsy5ok,https://i.ytimg.com/vi/ec12Gpsy5ok/oar2.jpg?sqp=-oaymwEdCJUDENAFSFWQAgHyq4qpAwwIARUAAIhCcAHAAQY=&rs=AOn4CLDtmvXbupSw9hQT5j8M1tBFxdtVug
ASTRO ì•„ìŠ¤íŠ¸ë¡œ,https://www.youtube.com/channel/UCZqY2yIsAM9wh3vvMwKd27g,5370000,24-08-2024,Aug 13 2024,No,[#ìœ¤ì‚°í•˜] 1st Mini Album [DUSK] Showcase Behind the SceneğŸŒ‡ #DUSK #Dive #YOONSANHA #ì•„ìŠ¤íŠ¸ë¡œ #ASTRO,#DUSK #Dive #YOONSANHA #ì•„ìŠ¤íŠ¸ë¡œ #ASTRO,6K,"18,597",https://www.youtube.com/shorts/E3ZJX0cel50,https://i.ytimg.com/vi/E3ZJX0cel50/oardefault.jpg?sqp=-oaymwEdCJUDENAFSFWQAgHyq4qpAwwIARUAAIhCcAHAAQY=&rs=AOn4CLBE2BB03Ezy7kAWlHb35X_aQswaKQ
ë„ë„ralral,https://www.youtube.com/channel/UCEX1cZB5TL7jyKejXdTXCKA,1560000,24-08-2024,Aug 21 2024,No,ã…ˆã…” ë³´ì¡°ê°œ ì‹œìˆ  ì–´ë–¤ê°€ìš”~~? í—¤í—¿;^^~~,ã…ˆã…” ë³´ì¡°ê°œ ì‹œìˆ  ì–´ë–¤ê°€ìš”~~? í—¤í—¿;^^~~,17K,"603,036",https://www.youtube.com/shorts/fuvWTEN3y3g,https://i.ytimg.com/vi/fuvWTEN3y3g/oardefault.jpg?sqp=-oaymwEdCJUDENAFSFWQAgHyq4qpAwwIARUAAIhCcAHAAQY=&rs=AOn4CLBrYZrZaQ3x40YR3QjSY9UX_wwoLw
ë³¼ë¹¨ê°„ì‚¬ì¶˜ê¸° BOL4,https://www.youtube.com/channel/UCZFglJIUsaCPRE_3yzr8zzg,551000,24-08-2024,Jun 25 2024,No,ì±Œë¦°ì§€ëŠ” ì–¼ë§ˆì˜ˆìš”? ê¹ì•„ì¤„ ìˆ˜ ìˆì–´ìš”?ğŸ’‹ #shorts,ì±Œë¦°ì§€ëŠ” ì–¼ë§ˆì˜ˆìš”? ê¹ì•„ì¤„ ìˆ˜ ìˆì–´ìš”?ğŸ’‹ #shorts,748,"18,060",https://www.youtube.com/shorts/HpqfVZXmDbI,https://i.ytimg.com/vi/HpqfVZXmDbI/oardefault.jpg?sqp=-oaymwEdCJUDENAFSFWQAgHyq4qpAwwIARUAAIhCcAHAAQY=&rs=AOn4CLD4tbGF75sWPuTA6utzXUHD3OS37w
í™ê¾¸ì»¤í”Œ,https://www.youtube.com/channel/UCiwwXHBd-IvUsz73KQyiXug,638000,24-08-2024,Jul 01 2024,No,ì¼ë³¸ í•œì • ì‚°ë¦¬ì˜¤ ëœë¤í°,ì¼ë³¸ í•œì • ì‚°ë¦¬ì˜¤ ëœë¤í°,801,"27,173",https://www.youtube.com/shorts/j9saK_0Q-gg,https://i.ytimg.com/vi/j9saK_0Q-gg/oardefault.jpg?sqp=-oaymwEdCJUDENAFSFWQAgHyq4qpAwwIARUAAIhCcAHAAQY=&rs=AOn4CLDfcVwiAEjS3mT9Uz8aub9N3SnfgA
CoCosToy English,https://www.youtube.com/channel/UCpN2kLQMrJJ_-164XeIYrNQ,1640000,24-08-2024,Aug 21 2024,No,Raising a mischievous baby dinosaurs in my toybox #Shorts ã…£Baby dinosaurs changed colorsã…£CoCosToy,"#LearnColors #colorplay #dinosaurscartoon

Today I am going to introduce colors to you Red, Yellow, Blue, Orange, Green, Purple.
let's learn color names and sound in english! 
Thank you!

Hello~! friends! I make Dinosaurs & Animals Video!
Have a good one! 

â¤ï¸ CoCosToy homepage â¤ï¸
youtube: http://cocostoy.com 
Instagram: https://www.instagram.com/cocostoy
Facebook: https://www.facebook.com/cocostoycom 
subscribe: http://goo.gl/ALYtwp
partnership cooperation : cocostoycom@gmail.com",41,"2,917",https://www.youtube.com/shorts/Nmpert00va4,https://i.ytimg.com/vi/Nmpert00va4/oar2.jpg?sqp=-oaymwEdCNAFENAFSFWQAgHyq4qpAwwIARUAAIhCcAHAAQY=&rs=AOn4CLCezdSSg9pO-fw2U1dsXW6hv14nBw
ì‚¬ë‘ì•„ë†€ì(Let's Play SARANG),https://www.youtube.com/channel/UCSmKpwGictx2FI3kUIGFV6A,704000,24-08-2024,Aug 22 2024,No,ë™ê²°ê±´ì¡° í•‘í¬ì§€êµ¬ì ¤ë¦¬ê°€ ë‚˜ì™”ì–´ìš”! ì´ì œ í•‘í¬ë˜ìš” ã…‹ã…‹ã…‹ #ì§€êµ¬ì ¤ë¦¬ #ë™ê²°ê±´ì¡°ì ¤ë¦¬ #ë™ê²°ê±´ì¡°ì§€êµ¬ì ¤ë¦¬ #í¸ì˜ì ì ¤ë¦¬,ë™ê²°ê±´ì¡° í•‘í¬ì§€êµ¬ì ¤ë¦¬ê°€ ë‚˜ì™”ì–´ìš”! ì´ì œ í•‘í¬ë˜ìš” ã…‹ã…‹ã…‹ #ì§€êµ¬ì ¤ë¦¬ #ë™ê²°ê±´ì¡°ì ¤ë¦¬ #ë™ê²°ê±´ì¡°ì§€êµ¬ì ¤ë¦¬ #í¸ì˜ì ì ¤ë¦¬,1K,"40,505",https://www.youtube.com/shorts/Cmk6L3MWb8w,https://i.ytimg.com/vi/Cmk6L3MWb8w/oardefault.jpg?sqp=-oaymwEdCJUDENAFSFWQAgHyq4qpAwwIARUAAIhCcAHAAQY=&rs=AOn4CLCwGJyfJuf7Q6TzDAvq1vV_Oq2krg
HONG SOUND,https://www.youtube.com/channel/UCBIoXzDldCnpbM_7uyG0_Tg,1830000,24-08-2024,Aug 14 2024,No,ì†Œë¦¬ëŒ€ê²°)ì—°ì„¸í¬ë¦¼ë¹µ vs ë…¸í‹°ë“œ ë„ë„› ! ì—¬ëŸ¬ë¶„ë“¤ì´ ì •í•´ì£¼ì„¸ìš”!,ì†Œë¦¬ëŒ€ê²°)ì—°ì„¸í¬ë¦¼ë¹µ vs ë…¸í‹°ë“œ ë„ë„› ! ì—¬ëŸ¬ë¶„ë“¤ì´ ì •í•´ì£¼ì„¸ìš”!,888,"41,972",https://www.youtube.com/shorts/lnHHwmyWdTw,https://i.ytimg.com/vi/lnHHwmyWdTw/oar2.jpg?sqp=-oaymwEdCJUDENAFSFWQAgHyq4qpAwwIARUAAIhCcAHAAQY=&rs=AOn4CLB-_NegrDrE9qqZWCEGhbsJGtE8Lw
íˆìŠ¤í† ë¦¬,https://www.youtube.com/channel/UCRLM0MWS7m8vXzQ_5z2e7fA,941000,24-08-2024,Aug 22 2024,No,6ì„¸ ì–´ë¦°ì´ ë•ë¶„ì— 5000ë‹¬ëŸ¬ íƒ„ êµìˆ˜ë‹˜,"ğŸ“Œ íšŒì°¨ ì •ë³´
[ì•„ì¸ìŠˆíƒ€ì¸ ì±Œë¦°ì§€] ë¬´ê¸° ì „ë¬¸ê°€ëŠ” 60ì´ˆ ì•ˆì— ì•„ì´ë“¤ì—ê²Œ ì¤‘ì„¸ ë¬´ê¸° ì›ë¦¬ë¥¼ ì„¤ëª…í•  ìˆ˜ ìˆì„ê¹Œ?
https://youtu.be/1GyZomvohuY
-
ë” ë§ì€ ì˜ìƒì€ â€˜íˆìŠ¤í† ë¦¬â€™ ìœ íŠœë¸Œ ì±„ë„ì—ì„œ ì‹œì²­ ê°€ëŠ¥í•©ë‹ˆë‹¤

â–¶ï¸íˆìŠ¤í† ë¦¬ ì±„ë„ ë²ˆí˜¸â—€ï¸
ì§€ë‹ˆ TV 141ë²ˆã…£SK Btv 271ë²ˆ
LG U+ TV 218ë²ˆã…£ìŠ¤ì¹´ì´ë¼ì´í”„ 105ë²ˆ
ì›¨ì´ë¸Œ, í‹°ë¹™ ë“± OTTì„œë¹„ìŠ¤ì˜ 'Live ê¸°ëŠ¥'ì„ í†µí•´ì„œë„ ë™ì‹œì‹œì²­ ê°€ëŠ¥í•©ë‹ˆë‹¤.

#íˆìŠ¤í† ë¦¬ #ì•„ì¸ìŠˆíƒ€ì¸ì±Œë¦°ì§€ #ì•„ì¸ìŠˆíƒ€ì¸ #ì±Œë¦°ì§€ #ê³¼í•™ #ì‚¬ì´ì–¸ìŠ¤ #ì¤‘ì„¸ì‹œëŒ€ #ë¬´ê¸° #ì „ìŸë¬´ê¸° #íŠ¸ë ˆë·°ì…‹ #íˆ¬ì„ê¸° #ê³µì„±ë¬´ê¸° #ë°œë¦¬ìŠ¤íƒ€ #ë¹„í‹€ë¦¼ #ì½”ë¼ë¦¬ #ë¼ì§€ #í•œë‹ˆë°œ #ê·¸ë¦¬ìŠ¤ #ë¶ˆ #ì„ìœ  #í™”ì°¨ #ì‹ ê¸°ì „ #ì„¸ì¢…ëŒ€ì™• #ë¦´ìŠ¤ #shorts",155,"16,997",https://www.youtube.com/shorts/fK2o5u-pNPM,https://i.ytimg.com/vi/fK2o5u-pNPM/oar2.jpg?sqp=-oaymwEdCJUDENAFSFWQAgHyq4qpAwwIARUAAIhCcAHAAQY=&rs=AOn4CLCBB63EJvbCKp6SJMf1O_1Ni9ct9w
ìŠ¹ìš°ì•„ë¹ ,https://www.youtube.com/channel/UCgsffS7MfKL6YU3r_U3E-aA,1380000,24-08-2024,Apr 13 2024,No,ì—…ì§„ì‚´ ì‚´ì‚´ ë…¹ëŠ”ë‹¤,ì—…ì§„ì‚´ ì‚´ì‚´ ë…¹ëŠ”ë‹¤,614,"41,592",https://www.youtube.com/shorts/qPGYIbbGCWc,https://i.ytimg.com/vi/qPGYIbbGCWc/oardefault.jpg?sqp=-oaymwEdCJUDENAFSFWQAgHyq4qpAwwIARUAAIhCcAHAAQY=&rs=AOn4CLAmI-N5q6G9w1DQ1kAFTK5Pdz6dtA
ë…¼ë€ì´ìŠˆ,https://www.youtube.com/channel/UCETtE0PwVfEr0pGq3J-4xig,216000,24-08-2024,Aug 21 2024,No,í•œêµ­ì‚° ë¼ë©´ì˜ ë†€ë¼ìš´ ì¸ê¸°,#buldak #buldaknoodles #denmark #ë¶‰ë‹­ë³¶ìŒë©´ #korea #ë¼ë©´ #mukbang,6.8K,"366,131",https://www.youtube.com/shorts/c7WbWZy0DM0,https://i.ytimg.com/vi/c7WbWZy0DM0/oardefault.jpg?sqp=-oaymwEdCJUDENAFSFWQAgHyq4qpAwwIARUAAIhCcAHAAQY=&rs=AOn4CLC93T9HtfnyvA4xhc9_Gofl5YlSJQ
CarrieTV Junior,https://www.youtube.com/channel/UC9qPzGYgaNhx8ql4Nl46BBA,555000,24-08-2024,Aug 21 2024,No,ìš”ì¦˜ ì¹œêµ¬ë“¤ì€ ëª¨ë¥´ëŠ” ê·¸ ì‹œì ˆ ê°ì„± #shorts,#ìºë¦¬tv #í´ë¦½ #ìºë¦¬ì™€ì¥ë‚œê°ì¹œêµ¬ë“¤ #ì˜ˆëŠ¥ #í•˜ë£¨ì§ê¿ #ìºë¦¬ #ì—˜ë¦¬ #ìŠ¤í…”ë¼ #ë£¨ì‹œ #ì‹¸ì´ì›”ë“œ #y2k,9,585,https://www.youtube.com/shorts/GMQkNoaYm6k,https://i.ytimg.com/vi/GMQkNoaYm6k/oar2.jpg?sqp=-oaymwEdCJUDENAFSFWQAgHyq4qpAwwIARUAAIhCcAHAAQY=&rs=AOn4CLAqsEiURJjv44cYbr7XW8WAQW8KSQ
ëŒë¹„ê³µí¬ë¼ë””ì˜¤,https://www.youtube.com/channel/UC9aUIOFL_OeARVA6MtBTZAQ,888000,24-08-2024,Oct 05 2023,No,ë©•ì‹œì½” ì¹´ë¥´í…”ì— ë“¤ì–´ê°€ê¸° ìœ„í•œ ì„¬ëœ©í•œ ê³¼ì • ã…£ë¬´ì„œìš´ì´ì•¼ê¸° ì‹¤í™”ã…£í˜„ì‹¤ê³µí¬ã…£ê³µí¬ì°ã…£ê´´ë‹´ã…£ëŒë¹„ê³µí¬ë¼ë””ì˜¤,"#ë¬´ì„œìš´ì´ì•¼ê¸° #ê´´ë‹´ #shorts  
ìœ„ ë¬´ì„œìš´ ì´ì•¼ê¸° í’€ì˜ìƒ ë§í¬ ì•„ë˜ í´ë¦­!
https://www.youtube.com/watch?v=Bmu3MpRyJMM&t=790s


ğŸ‘» ëŒë¹„ì—ê²Œ í›„ì›í•˜ê¸° ğŸ‘‰  https://toon.at/donate/dolce_vita
ğŸ‘» ì‚¬ì—°ì œë³´ & ê´‘ê³ ë¹„ì¦ˆë‹ˆìŠ¤ ë¬¸ì˜ ì¹´í†¡ ğŸ‘‰ dolb7777

*****************âˆ‡ì‹œë“¤ë¬´ ì°¸ì—¬ë°©ë²•âˆ‡*****************
[ì‹œ]ì²­ìê°€
[ë“¤]ë ¤ì£¼ëŠ” 
[ë¬´]ì„œìš´ì´ì•¼ê¸°!!

1. ì¹´ì¹´ì˜¤í†¡ 
IDê²€ìƒ‰í›„ ì¹œêµ¬ì¶”ê°€ í›„ ì œë³´í•˜ì‹¤ë‚´ìš© 
ìì„¸í•˜ê²Œ ì‘ì„±í•˜ì—¬ ë³´ë‚´ì£¼ì„¸ìš”^^

ğŸ‘» ì‹œì²­ìì°¸ì—¬ ì¹´í†¡ ID ğŸ‘‰ dolb7777 
...more",1.5K,"84,032",https://www.youtube.com/shorts/qxmiR-hOW64,https://i.ytimg.com/vi/qxmiR-hOW64/oar2.jpg?sqp=-oaymwEdCJUDENAFSFWQAgHyq4qpAwwIARUAAIhCcAHAAQY=&rs=AOn4CLC2KlTst0w695EdC3X3AHH6mzwvaw
ê¹€ì¸í˜¸TV,https://www.youtube.com/channel/UCJg9L0svbnuPcjOcqLbi_3g,708000,24-08-2024,Aug 18 2024,No,ìš”ì¦˜ í—¬ìŠ¤ì¥ì—ì„œ ìœ í–‰í•˜ëŠ” ìš´ë™,"INOLABEL: https://www.youtube.com/@INO_LABEL
AfreecaTV : http://www.afreecatv.com/pookygamja
Instagram  : https://www.instagram.com/kiminho22
DOUBLE CHECK : https://doublecheckstores.com

ê´‘ê³  ë° í˜‘ì°¬ ë¬¸ì˜ : kimgamja@naver.com

#ê¹€ì¸í˜¸ #í—¬ìŠ¤ #ìš´ë™",231,"20,987",https://www.youtube.com/shorts/1IRDvBBFBgU,https://i.ytimg.com/vi/1IRDvBBFBgU/oardefault.jpg?sqp=-oaymwEdCJUDENAFSFWQAgHyq4qpAwwIARUAAIhCcAHAAQY=&rs=AOn4CLD55DnkzbvphrZ4nt_jNIvF0R4lQg
ìœ  í€´ì¦ˆ ì˜¨ ë” íŠœë¸Œ,https://www.youtube.com/channel/UC920m3pMPH45qztdhppZhwA,984000,24-08-2024,Jun 20 2024,No,"I'm the Bad Guy~Zì„¸ëŒ€ ì•„ì´ì½˜, ë¹Œë¦¬ ì•„ì¼ë¦¬ì‹œ ìœ í€´ì¦ˆ ë„ì°©!ğŸ•º#ìœ í€´ì¦ˆì˜¨ë”ë¸”ëŸ­ | YOU QUIZ ON THE BLOCK EP.250","í‹°ë¹™ì—ì„œ ìŠ¤íŠ¸ë¦¬ë° : https://tving.onelink.me/xHqC/30a78d6f

ìœ  í€´ì¦ˆ ì˜¨ ë” ë¸”ëŸ­
[ìˆ˜] ì €ë… 8: 45 tvN

#ìœ í€´ì¦ˆì˜¨ë”ë¸”ëŸ­ #ìœ í€´ì¦ˆ #ìœ ì¬ì„ #ì¡°ì„¸í˜¸

#í‹°ë¹™ì—ì„œìŠ¤íŠ¸ë¦¬ë°",1.8K,"76,516",https://www.youtube.com/shorts/SVC8D3BxByY,https://i.ytimg.com/vi/SVC8D3BxByY/oar2.jpg?sqp=-oaymwEdCJUDENAFSFWQAgHyq4qpAwwIARUAAIhCcAHAAQY=&rs=AOn4CLDPjxOcXOZ7Gaon1flg0j-gRzi9gg
ì¼€ì´,https://www.youtube.com/channel/UCIA-LPHNERP2MDUQpp2RVHg,717000,24-08-2024,Jun 22 2024,No,ì—¬ìº í•œí…Œ ê³ ë°± ì‹œë„í•˜ëŠ” ì¼€ì´,ë°•ì‚ì‚ ì—ê²Œ í•œëŒ€ ë§ì€ ì¼€ì´ ã…‹ã…‹,2.9K,"207,527",https://www.youtube.com/shorts/I-5Caia2_3I,https://i.ytimg.com/vi/I-5Caia2_3I/oardefault.jpg?sqp=-oaymwEdCJUDENAFSFWQAgHyq4qpAwwIARUAAIhCcAHAAQY=&rs=AOn4CLDRGkKHlTwGik5AqLFAFjZvRUwHmQ
ì´ê²Œë§ë‚˜,https://www.youtube.com/channel/UCv2Lw7H0J_cdmW-ufy9UXwg,143000,24-08-2024,Aug 22 2024,No,ì„±ê· ê´€ëŒ€ ë¹„í•˜ ë…¼ë€ í›„ ë¯¸ë¯¸ë¯¸ëˆ„ ê·¼í™©,ì„±ê· ê´€ëŒ€ ë¹„í•˜ ë…¼ë€ í›„ ë¯¸ë¯¸ë¯¸ëˆ„ ê·¼í™©,751,"41,321",https://www.youtube.com/shorts/v__Qf9rj7U0,https://i.ytimg.com/vi/v__Qf9rj7U0/oardefault.jpg?sqp=-oaymwEdCJUDENAFSFWQAgHyq4qpAwwIARUAAIhCcAHAAQY=&rs=AOn4CLAKfymO4R__FDiAoLDCF1kVOQEOXg
ì§§ì€ë¬´ë¹„,https://www.youtube.com/channel/UC3IED80qDRz9Jmc76EJW8vg,205000,24-08-2024,Aug 18 2024,No,"í­êµ° ëª…ì¥ë©´, ì€í‡´í•œ í‚¬ëŸ¬ ì°¨ìŠ¹ì›ê³¼ SSSê¸‰ í‚¬ëŸ¬ì˜ í˜ˆíˆ¬ ã„·ã„·.. #í­êµ° #ë””ì¦ˆë‹ˆí”ŒëŸ¬ìŠ¤","#shorts #í­êµ° #ì°¨ìŠ¹ì› #ë“œë¼ë§ˆ #ì§§ì€ë¬´ë¹„

ë“œë¼ë§ˆ 'í­êµ°'ì€ ë””ì¦ˆë‹ˆí”ŒëŸ¬ìŠ¤ì—ì„œ ì‹œì²­ ê°€ëŠ¥í•©ë‹ˆë‹¤.

ì €ì‘ê¶Œ í—ˆê°€ë¥¼ ë°›ì•„ ì œì‘ëœ ì˜ìƒì…ë‹ˆë‹¤.",10K,"970,843",https://www.youtube.com/shorts/eKWTGbUNhvo,https://i.ytimg.com/vi/eKWTGbUNhvo/oardefault.jpg?sqp=-oaymwEdCJUDENAFSFWQAgHyq4qpAwwIARUAAIhCcAHAAQY=&rs=AOn4CLAM9G8EW8zoSrDgj3lsWCrnlbvDsA
ìµœë„ì „,https://www.youtube.com/channel/UCPHX0mnOf_4QdP2e20OnzsQ,461000,24-08-2024,Aug 22 2024,No,ë°±ì¢…ì›ë‹˜ì´ ì¸ì •í•œ ëƒ‰ë©´ì— ë°¥ ë§ì•„ë¨¹ê¸° ë¬´ìŠ¨ ë§›ì¼ê¹Œ??,"#Shorts #ë¨¹ë°© #ëƒ‰ë©´
ì˜¤ëŠ˜ì€ ë°±ì¢…ì›ë‹˜ì´ ëƒ‰ë©´ì— ë°¥ ë§ì•„ë“œì‹œê³  ë§›ìˆë‹¤ê³  í•˜ì…”ì„œ ë§›ìˆëŠ”ì§€ ë¨¹ì–´ë³´ì•˜ìŠµë‹ˆë‹¤!",4K,"183,559",https://www.youtube.com/shorts/GKLwDmvfYnI,https://i.ytimg.com/vi/GKLwDmvfYnI/oardefault.jpg?sqp=-oaymwEdCJUDENAFSFWQAgHyq4qpAwwIARUAAIhCcAHAAQY=&rs=AOn4CLB7t-2g_5mrRpnE3fT_BX8CN_laDA
Togimochi Koreaã¨ãã‚‚ã¡ í† ê¸°ëª¨ì¹˜,https://www.youtube.com/channel/UC8x_GQsqwLvglizV7xRckpw,865000,24-08-2024,Jul 25 2024,No,ã€ãƒ¢ãƒƒãƒ‘ãƒ³ã€‘å¼•è¶Šã—ç›´å‰ã€‚ã“ã®éƒ¨å±‹ã§ã®æ’®å½±ã‚‚æœ€å¾Œã€‚ã‚ã‚“ãƒãƒ¼ã‚ºã‚¹ãƒ†ã‚£ãƒƒã‚¯&é»’ãƒãƒ¼ã‚ºãƒœãƒ¼ãƒ«ã€‚ #éŸ“å›½é£Ÿã¹ç‰© #éŸ“å›½ãƒ¢ãƒƒãƒ‘ãƒ³ #mukbang,"æœ¬ç·¨ã¯ã“ã¡ã‚‰ï¼

ã€ãƒ¢ãƒƒãƒ‘ãƒ³ã€‘å¼•è¶Šã—ç›´å‰ã€‚ã“ã®éƒ¨å±‹ã§ã®æ’®å½±ã‚‚æœ€å¾Œã€‚ã‚ã‚“ãƒãƒ¼ã‚ºã‚¹ãƒ†ã‚£ãƒƒã‚¯&é»’ãƒãƒ¼ã‚ºãƒœãƒ¼ãƒ«ã€‚
https://youtu.be/xiUubN32RHQ",284,"16,881",https://www.youtube.com/shorts/3ltLyTad8o4,https://i.ytimg.com/vi/3ltLyTad8o4/oardefault.jpg?sqp=-oaymwEdCJUDENAFSFWQAgHyq4qpAwwIARUAAIhCcAHAAQY=&rs=AOn4CLBPEmyqa4NV62l7-TAZrs_YfonzVw
ë­í‚¹ìŠ¤ì¿¨,https://www.youtube.com/channel/UC2Vcz3eu1hO2zoyTpGvSWkw,952000,24-08-2024,Jul 18 2024,No,ì˜¬ë¦¼í”½ ê¸ˆë©”ë‹¬ë”°ë ¤ê³  ì„ ìˆ˜ë“¤ì´ ë²Œì¸ ì¶©ê²©ì ì¸ í–‰ë™ã„·ã„·,ì˜¬ë¦¼í”½ ê¸ˆë©”ë‹¬ë”°ë ¤ê³  ì„ ìˆ˜ë“¤ì´ ë²Œì¸ ì¶©ê²©ì ì¸ í–‰ë™ã„·ã„·,87,"13,549",https://www.youtube.com/shorts/0eH8Roo7Nfo,https://i.ytimg.com/vi/0eH8Roo7Nfo/oardefault.jpg
PANGPANG STUDIO,https://www.youtube.com/channel/UCJ-ofC67CjMxBRmRIb6s9-w,626000,24-08-2024,Aug 09 2024,No,ì˜ˆë»ì§„ ì°ë”° ë³´ëŸ¬ì˜¨ ì¼ì§„ ì˜¤ë¹  #shorts,#íŒ¡íŒ¡ìŠ¤íŠœë””ì˜¤ #ì›¹ë“œë¼ë§ˆ #ì¼ì§„ì²´í—˜,613,"20,058",https://www.youtube.com/shorts/-drpO19_Hf8,https://i.ytimg.com/vi/-drpO19_Hf8/oar2.jpg?sqp=-oaymwEdCJUDENAFSFWQAgHyq4qpAwwIARUAAIhCcAHAAQY=&rs=AOn4CLDZTzHfmcVYZE1GTLlIh4wd1SOJXw
ë””ìŠ¤ì»¤ë²„ë¦¬ í”½ - Discovery Pick,https://www.youtube.com/channel/UCI6bxkc4WHwIHLis1Hg2jTw,1500000,24-08-2024,Jan 18 2024,No,ì¼ ë§ˆì¹˜ê³  ì˜¨ ê°€ì¥ì˜ ë°¥ìƒ #ìƒì¡´ì‹œê·¸ë„ #í•œêµ­ì¸ì˜ë°¥ìƒ #ì €ë…ë°¥,"ë””ìŠ¤ì»¤ë²„ë¦¬ í”½ ì±„ë„ì€
ê±´ê°•í•˜ê³  ê±´ì „í•œ ëŒ“ê¸€ ë¬¸í™”ë¥¼ ì§€í–¥í•©ë‹ˆë‹¤.

#ë””ìŠ¤ì»¤ë²„ë¦¬ #ë””ìŠ¤ì»¤ë²„ë¦¬í”½
----------------------------------------------------------------------------------------------
ë””ìŠ¤ì»¤ë²„ë¦¬ ì±„ë„ì€ Genie TV 50, SK BTV 118, LGU+TV 194, ìŠ¤ì¹´ì´ ë¼ì´í”„ 101, LGí—¬ë¡œë¹„ì „ 138, 
ë”œë¼ì´ë¸Œ 136, HCN 60 (ì¼€ì´ë¸”ì€ ê° ì§€ì—­ì¼€ì´ë¸” ë¬¸ì˜)ì—ì„œ ì‹œì²­ ê°€ëŠ¥í•©ë‹ˆë‹¤.",336,"49,587",https://www.youtube.com/shorts/oDrtRR887YE,https://i.ytimg.com/vi/oDrtRR887YE/oar2.jpg?sqp=-oaymwEdCJUDENAFSFWQAgHyq4qpAwwIARUAAIhCcAHAAQY=&rs=AOn4CLBUj2zOyOkn-5Glgcfi1Muhu6l1yw
KoonTV Funny,https://www.youtube.com/channel/UCbfRcXCHe5I2RI6F8XIUQng,460000,24-08-2024,Aug 22 2024,No,ì••êµ¬ì •ì—ì„œ ë§Œë‚œ ì´ìŠ¹ìš°ì„ ìˆ˜ì˜ ë©•ì‹œì½”íŒ¬,"#ìµœêµ° #ì´ìŠ¹ìš° #ë°”ë¥´ì…€ë¡œë‚˜ #ì¶•êµ¬íŒ¬ #ì••êµ¬ì •

* ì¿¤TV ë¬´ì‚­ì œ í’€ì˜ìƒ ì±„ë„ : https://www.youtube.com/channel/UCwGeidQWKEMdFIujQrz37qw
* ìµœêµ° ì¸ìŠ¤íƒ€ê·¸ë¨ : http://instagram.com/koon1716

ì´ ì˜ìƒì„ í¼ê°€ê¸°ëŠ” í—ˆìš©í•˜ë‚˜ í—ˆê°€ì—†ì´ ë³€ê²½/ë°°í¬ í•  ì‹œ ë²•ì ì±…ì„ì„ ë¬¼ì„ ìˆ˜ ìˆìŠµë‹ˆë‹¤.
Copyright(c)2024 KoonTV All rights reserved.",97,"13,183",https://www.youtube.com/shorts/8LRhevfPmA4,https://i.ytimg.com/vi/8LRhevfPmA4/oar2.jpg?sqp=-oaymwEdCJUDENAFSFWQAgHyq4qpAwwIARUAAIhCcAHAAQY=&rs=AOn4CLChJc-4xMi-b6l2U8BPGalT2cl-mA
ë†€ë¼ìš´ í† ìš”ì¼ Amazing Saturday,https://www.youtube.com/channel/UCTnafh2iyIWh7MhcGBmGU0g,501000,24-08-2024,Aug 19 2024,No,ë†€í† í•˜ë‹¤ ì´ëŸ° ê²ŒìŠ¤íŠ¸ ì²˜ìŒì„ #ë†€ë¼ìš´í† ìš”ì¼,í‹°ë¹™ ë°”ë¡œê°€ê¸°: https://dooo.us/CKXXlj ìê¾¸ ìƒê°ë‚ ê±¸ í‚¬ë§í¬ì¸íŠ¸ë§Œ ëª¨ì•„ëª¨ì•„ #ì»·ì§§ì€ë†€í†  ë„ë ˆë¯¸ì™€ í•¨ê»˜í•˜ëŠ” #ë†€ë¼ìš´í† ìš”ì¼ ğŸ§¡ ìì¨”~! #í‹°ë¹™ì—ì„œìŠ¤íŠ¸ë¦¬ë°,1.4K,"47,339",https://www.youtube.com/shorts/nrHlZHZTvhY,https://i.ytimg.com/vi/nrHlZHZTvhY/oar2.jpg?sqp=-oaymwEdCJUDENAFSFWQAgHyq4qpAwwIARUAAIhCcAHAAQY=&rs=AOn4CLCXXexpq5F_ZH6kxJNHa4bjhiU4lA
ì†ì´Œì•„ì”¨,https://www.youtube.com/channel/UCPFW4r1nmTdtQUsAJSno1iA,398000,24-08-2024,Aug 10 2024,No,"í•œêµ­ë¯¼ì†ì´Œ X í”¼ì½”í¬ ì½œë¼ë³´ (ì¥í„° ë§ˆëŠ˜í†µë‹­, ì¥í„° ì†Œê³ ê¸°êµ­ë°¥êµ­) #koreanfolkvillage #í•œêµ­ë¯¼ì†ì´Œ #ì´ë§ˆíŠ¸ #í”¼ì½”í¬ #ë¯¸ì‹ #ë¨¹ë°©",í•œêµ­ë¯¼ì†ì´Œê³¼ í”¼ì½”í¬ê°€ ë§Œë‚¬ë‹¤!!ğŸ”¥MZì„¸ëŒ€ë“¤ì˜ ì…ë§›ì„ ì‚¬ë¡œì¡ëŠ” ì¡°ì„ ë¯¸ì‹ ì œí’ˆë“¤ì„ ê°€ê¹Œìš´ ì´ë§ˆíŠ¸ì—ì„œ ë§Œë‚˜ë³´ì‹œì§€ì˜¤ğŸ™,10,769,https://www.youtube.com/shorts/T6VBAvXPUvA,https://i.ytimg.com/vi/T6VBAvXPUvA/oar2.jpg?sqp=-oaymwEdCJUDENAFSFWQAgHyq4qpAwwIARUAAIhCcAHAAQY=&rs=AOn4CLAup-RzNYVwz1Ru4BvqNCB7uFetIg
ODOSSI,https://www.youtube.com/channel/UCKdfNLnTwKeTUn3l0m_hevA,772000,24-08-2024,Jun 27 2024,No,ì—¬ì íƒë°°ê¸°ì‚¬ì™€ ì‚¬ë‘ì— ë¹ ì¡Œë‹¤,#ì˜¤ë„ì”¨ #ìŠ¤ì¼€ì¹˜ì½”ë¯¸ë”” #ì›¹ë“œë¼ë§ˆ,231,"19,047",https://www.youtube.com/shorts/xWkbLmk5t2A,https://i.ytimg.com/vi/xWkbLmk5t2A/oar2.jpg?sqp=-oaymwEdCJUDENAFSFWQAgHyq4qpAwwIARUAAIhCcAHAAQY=&rs=AOn4CLBj9heXn_xUf_tr0SP2WxdrhBznhg
ë ë¯¸ ddimmi,https://www.youtube.com/channel/UC46BbEkxhjIHUj6EJ_waw-g,1130000,24-08-2024,Aug 21 2024,No,8ì‹œê°„ ê¸°ë‹¤ë ¤ì„œ ë°›ì€ ìš”ì¦˜ ë‚œë¦¬ë‚œ ì„±ì‹¬ë‹¹ ë¬´í™”ê³¼ ì¼€ì´í¬,8ì‹œê°„ ê¸°ë‹¤ë ¤ì„œ ë°›ì€ ìš”ì¦˜ ë‚œë¦¬ë‚œ ì„±ì‹¬ë‹¹ ë¬´í™”ê³¼ ì¼€ì´í¬,25K,"726,940",https://www.youtube.com/shorts/t3Ekn9pmoj8,https://i.ytimg.com/vi/t3Ekn9pmoj8/oardefault.jpg?sqp=-oaymwEdCJUDENAFSFWQAgHyq4qpAwwIARUAAIhCcAHAAQY=&rs=AOn4CLC1aPHSdXr5t-zIulAFTF1oPCHkXA
ê¹€ëº‘ë¼,https://www.youtube.com/channel/UCVoQW5q2Ul5fxcIamVAetOw,310000,24-08-2024,Jul 14 2024,No,ì „ì„¸ê³„ì—ì„œ ê°íƒ„í•œ í•œêµ­ì¸ì˜ ì°½ì˜ë ¥,#ì‡¼ì¸  #shorts,125,"11,318",https://www.youtube.com/shorts/3Y-SnHwCSS8,https://i.ytimg.com/vi/3Y-SnHwCSS8/oar2.jpg?sqp=-oaymwEdCJUDENAFSFWQAgHyq4qpAwwIARUAAIhCcAHAAQY=&rs=AOn4CLAPJImV_6Lo0Nv26fRDneNAD4oGNQ
DaftTaengk,https://www.youtube.com/channel/UCrTCkJ8377E7JhsMeyLXtKA,1300000,24-08-2024,Aug 10 2024,No,ë¼ì‡ì¸ ì´ˆì›ì´ #ì‚ë¼ì‚ë¼ ì— ë„ì „!,#ë¼ì‡ì¸ #LIGHTSUM #CHOWON,968,"23,210",https://www.youtube.com/shorts/EJDuaYpJz3w,https://i.ytimg.com/vi/EJDuaYpJz3w/oar2.jpg?sqp=-oaymwEdCJUDENAFSFWQAgHyq4qpAwwIARUAAIhCcAHAAQY=&rs=AOn4CLB1_fv3q_zCj69oihHUtQ3VstGSfA
KBS StarTV,https://www.youtube.com/channel/UCGsJRpGI3iFpf0lIUIgbsBw,833000,24-08-2024,Aug 21 2024,No,ì •ë³´ì„ #ë¦¬ì¦ˆì‹œì ˆ #shorts,ì •ë³´ì„ #ë¦¬ì¦ˆì‹œì ˆ #shorts,49,"2,667",https://www.youtube.com/shorts/z8LPvd1SHgw,https://i.ytimg.com/vi/z8LPvd1SHgw/oar2.jpg?sqp=-oaymwEdCJUDENAFSFWQAgHyq4qpAwwIARUAAIhCcAHAAQY=&rs=AOn4CLB50VDSF3-VDdWd3YoJVKSP-GrSLg
ì˜¤ë§ˆì´ë¹„í‚¤ OMV,https://www.youtube.com/channel/UCDsDdULLy8bbeFfAPC2mp5w,3140000,24-08-2024,Aug 22 2024,No,ì´ˆì½”+ì¹˜í‚¨=?!!ğŸ˜±,#ì‡¼ì¸  #ì˜¤ë§ˆì´ë¹„í‚¤ #ì´ˆì½”ì¹˜í‚¨,275,"15,750",https://www.youtube.com/shorts/QCui0rpdYZU,https://i.ytimg.com/vi/QCui0rpdYZU/oar2.jpg?sqp=-oaymwEdCJUDENAFSFWQAgHyq4qpAwwIARUAAIhCcAHAAQY=&rs=AOn4CLAjpotJK1GtqNcbXrGVak0owM7DTg
ì…ì§ˆì˜ì¶”ì–µTV jiminTV,https://www.youtube.com/channel/UCY2uWQDCzn_ZE-JpTfDRR2A,1190000,24-08-2024,Aug 22 2024,No,ìˆ˜ì‚°ì‹œì¥ í¥ì • ì—†ì´ ì‚¬ë¨¹ê¸°(ë‹¹ì‹œ ìƒì¸ì€ ì €ë¥¼ ì ˆëŒ€ ëª¨ë¦…ë‹ˆë‹¤. ìì„¸í•œ ë‚´ìš©ì€ ì„¤ëª…ë€ì—),"#ì„¤ì•…í•­ #ì†ì´ˆì—¬í–‰ #ìˆ˜ì‚°ì‹œì¥

ì°¸ê³ ë¡œ ì¥ì†ŒëŠ” ì†ì´ˆ ì„¤ì•…í•­ í™œì–´íšŒì„¼íƒ€ì…ë‹ˆë‹¤. ì´ëŸ° ì˜ìƒ ì˜¬ë¦´ ë•Œë§ˆë‹¤ ëª‡ëª‡ ë¶„ë“¤ì€ ì´ëŸ° ë§ì„ í•˜ì‹­ë‹ˆë‹¤. ""ì…ì§ˆì˜ ì¶”ì–µì´ë‹ˆê¹Œ ì˜ ì£¼ëŠ”ê±°ì§€"" ê·¸ëŸ°ë° ê·¸ê±° ì•„ì„¸ìš”? ìˆ˜ì‚°ì‹œì¥ ìƒì¸ë¶„ë“¤ ì¤‘ 40~50ëŒ€ ì´ìƒ íŠ¹íˆ, ì—¬ì„± ë¶„ë“¤ì€ ìƒê°ë³´ë‹¤ ìœ íŠœë¸Œë¥¼ ì•ˆ ë³´ì„¸ìš”. ë¬¼ë¡ , ì ˆ ì•Œì•„ë³´ëŠ” ë¶„ë„ ì¢…ì¢… ê³„ì‹œì§€ë§Œ, ëŒ€ì²´ë¡œ ìœ íŠ­ê³¼ ì¹œí•˜ì§€ ì•Šì•„ì„œì¸ì§€ ì ˆ ëª¨ë¥´ëŠ” ë¶„ë“¤ íƒœë°˜ì…ë‹ˆë‹¤. 

ì œê°€ ì´ë ‡ê²Œ ì˜¬ë¦¬ëŠ” ì˜ìƒì€ ìˆœì „íˆ ìˆëŠ” ê·¸ëŒ€ë¡œì˜ ê²°ê³¼ì…ë‹ˆë‹¤. ""ì•„ëŠ” ë§Œí¼ ë³´ì¸ë‹¤.""ë¼ëŠ” ë§ì´ ìˆì§€ìš”? ìˆ˜ì‚°ì‹œì¥ì—ì„  ì–´ë–¤ ì˜ë¯¸ë¡œ ì‘ìš©í•˜ëƒë©´ , í˜„ì¥ì—ì„œ ìƒì¸ê³¼ ëª‡ ë§ˆë”” ë‚˜ëˆ„ë©´ ë°”ë¡œ ë‹µ ë‚˜ì˜¨ë‹¤ëŠ” ê²ë‹ˆë‹¤. ì´ ìƒì¸ì´ ì§€ê¸ˆ ìƒìˆ ì„ ë¶€ë¦¬ëŠ” ê±´ì§€, ë°˜ëŒ€ë¡œ ìƒì¸ì€ ì € ì†ë‹˜ì´ ìˆ˜ì‚°ë¬¼ì„ ì–¼ë§ˆë‚˜ ì•„ëŠ”ì§€ ì•„ë‹ˆë©´ ëœ¨ë‚´ê¸°ì¸ì§€ë¥¼ ë§ì´ì§€ìš”. 

í¥ì •ì´ë€? ë‹¨ìˆœíˆ ê°€ê²©ì„ ê¹ëŠ” ê²ƒë§Œ ì˜ë¯¸í•˜ì§„ ì•Šì•„ìš”. ê·¸ì € ëŒ€í™” ëª‡ ë§ˆë”” ì„ëŠ” ê³¼ì •ì´ ëª¨ë‘ í¬í•¨ë©ë‹ˆë‹¤. ëª‡ ë§ˆë””ë¼ê³¤ í•˜ë‚˜ ì´ ë˜í•œ ì¶©ë¶„íˆ ê°ì •ë…¸ë™ì…ë‹ˆë‹¤. ì‚¬ëŒì´ í•˜ëŠ” ì¼ì´ë‹¤ ë³´ë‹ˆ ê·¸ë‚   
...more",2.2K,"200,137",https://www.youtube.com/shorts/SrR4DTCAbT4,https://i.ytimg.com/vi/SrR4DTCAbT4/oardefault.jpg?sqp=-oaymwEdCJUDENAFSFWQAgHyq4qpAwwIARUAAIhCcAHAAQY=&rs=AOn4CLAMiixyadfHQ6uZuKoGv_XoKzlOVA
ìŠ¤íŠœë””ì˜¤ ìˆ˜ì œ,https://www.youtube.com/channel/UC4ZA57iJrf73bJlApKFeLRw,1140000,24-08-2024,Aug 22 2024,No,ë–¡ë³¶ì´ ë°€ë–¡VSìŒ€ë–¡,ì›¬ë§Œí•´ì„  ê·¸ë“¤ì„ ì‚¬ê²Œí•  ìˆ˜ ì—†ë‹¤,135,"17,012",https://www.youtube.com/shorts/MZhCVSJYEqM,https://i.ytimg.com/vi/MZhCVSJYEqM/oardefault.jpg?sqp=-oaymwEdCJUDENAFSFWQAgHyq4qpAwwIARUAAIhCcAHAAQY=&rs=AOn4CLCCYbbgDSRo5unkRMqo_q6bk2RTYw
ìì´ì–¸íŠ¸ í­TV,https://www.youtube.com/channel/UCtckgmUcpzqGnzcs7xEqMzQ,1770000,24-08-2024,Aug 22 2024,No,ì‚¬ì‹¤ ì´ê±° ë¹„ë°€ì¸ë°...ğŸŒ€(ì†ë‹¥ì†ë‹¥) #shorts,ìš°ë¦¬ë¼ë¦¬ ë¹„ë°€ì´ ì–´ë””ìˆì–´,2.7K,"21,241",https://www.youtube.com/shorts/x8ALLWx_NA0,https://i.ytimg.com/vi/x8ALLWx_NA0/oar2.jpg?sqp=-oaymwEdCJUDENAFSFWQAgHyq4qpAwwIARUAAIhCcAHAAQY=&rs=AOn4CLBD0t7NnhtjylzJkOambb6RosjZuw
Toystar TV,https://www.youtube.com/channel/UC3AXZj_YK5Q0ZhAOBc2jkwQ,1170000,24-08-2024,Aug 06 2024,No,LEGO Toy Car Chevrolet Corvette Z06 Speed Champions (Released in 2016) Building animation,LEGO Toy Car Chevrolet Corvette Z06 Speed Champions (Released in 2016) Building animation,55,"2,995",https://www.youtube.com/shorts/AzQnvb0-74g,https://i.ytimg.com/vi/AzQnvb0-74g/oardefault.jpg?sqp=-oaymwEdCJUDENAFSFWQAgHyq4qpAwwIARUAAIhCcAHAAQY=&rs=AOn4CLD7GlmWb5T0avKndegCFgjfTAsnjQ
ì§€í˜¸í† ì´TV JIHOTOY,https://www.youtube.com/channel/UCy7h0uG0btRO-X9rx8oPdgg,706000,24-08-2024,Feb 23 2024,No,Lego police car making ë ˆê³  ê²½ì°°ì°¨ 01,Lego police car making ë ˆê³  ê²½ì°°ì°¨ 01,37,"1,426",https://www.youtube.com/shorts/Hx4BYtnwfoM,https://i.ytimg.com/vi/Hx4BYtnwfoM/oardefault.jpg?sqp=-oaymwEdCJUDENAFSFWQAgHyq4qpAwwIARUAAIhCcAHAAQY=&rs=AOn4CLATDR3lWNRL_9Le9tkuOOSfIli0iA
í´ë¦½ë¬´ë¹„,https://www.youtube.com/channel/UCTrXAYCHhNgHL0ED0VFnUeQ,156000,24-08-2024,Dec 29 2023,No,ì§€ì˜ˆì€ ë§ˆë¼íƒ•ì›¨ì´ ê´‘ê³  ì°ì„ ê²°ì‹¬ ã…‹ã…‹,#shorts #ì˜í™” #ì§€ì˜ˆì€ #ë“œë¼ë§ˆ #SNL,542,"52,679",https://www.youtube.com/shorts/tFPQwGLNRtw,https://i.ytimg.com/vi/tFPQwGLNRtw/oardefault.jpg?sqp=-oaymwEdCJUDENAFSFWQAgHyq4qpAwwIARUAAIhCcAHAAQY=&rs=AOn4CLCYNCYaUkooEDo8Wf6lCtoQt5j0EA
YD(YANGDDING) Real Life,https://www.youtube.com/channel/UCHcDLOhRi_WkDJ3zOM3FehQ,891000,24-08-2024,Jul 12 2024,No,ë™ê°‘ë¶€ë¶€ì˜ ì¼ìƒ,"- êµ¬ë…í•˜ê¸°: https://goo.gl/YXx6Ak
- ìƒë°©ì†¡ ì‹œì²­í•˜ê¸° (ì¹˜ì§€ì§): https://chzzk.naver.com/1aeb0ca60649660a2e534592ce480f34

*ì–‘ëµì˜ ì‚¬ìƒí™œ ì±„ë„ê³¼ ë‹¤ì–‘í•œ ì–‘ëµ ì»¤ë®¤ë‹ˆí‹°ë¡œ ë†€ëŸ¬ì˜¤ì„¸ìš”!
â— ì–‘ëµ ìœ íŠœë¸Œ: http://www.youtube.com/d7297ut
â— ê¹¡ì¡ì¼ê¸°: https://www.youtube.com/ê¹¡ì¡ì¼ê¸°
â— ì–‘ëµTV ê³µì‹ íŒ¬ì¹´í˜: http://cafe.naver.com/familyyd
â— ì–‘ëµTV ê³µì‹ ì¸ìŠ¤íƒ€ê·¸ë¨: http://instagram.com/ydtv_official
â— ì–‘ëµ ì¸ìŠ¤íƒ€ê·¸ë¨: https://instagram.com/yd0821
â— ì–‘ëµ í˜ì´ìŠ¤ë¶: https://www.facebook.com/d7297
â— ì–‘ëµì˜ ë¦¬ì–¼ë¼ì´í”„ (ë¸”ë¡œê·¸): http://ydtydt123.blog.me

*ì–‘ëµTV í¬ë£¨ë“¤ì˜ ìœ íŠœë¸Œ ì±„ë„ë„ êµ¬ë…í•˜ì„¸ìš”!
â— ì–‘ëµTVëˆˆê½ƒ: https://www.youtube.com/user/hanseol21
â— ì–‘ëµTVë‹¤ì£¼: https://www.youtube.com/user/ddddaju
â— ì–‘ëµTVë£¨íƒœ: https://www.youtube.com/channel/UCzPLwuw2vJgxtE 
...more",541,"19,629",https://www.youtube.com/shorts/UYrmtnklAQU,https://i.ytimg.com/vi/UYrmtnklAQU/oardefault.jpg?sqp=-oaymwEdCJUDENAFSFWQAgHyq4qpAwwIARUAAIhCcAHAAQY=&rs=AOn4CLDRFzA9amRjEyysCcND3KGzFcWv7g
smile -wA-,https://www.youtube.com/channel/UCxv6SRNqPZfgwgPNomcPetg,853000,24-08-2024,Aug 19 2024,No,ëŒì•„ì˜¨ ì™„ë””ğŸ¥° #ë ˆë“œë²¨ë²³ #ì›¬ë”” ì˜ìŠ¤íŠ¸ë¦¬íŠ¸ ì»´ë°± ì¶œê·¼ê¸¸ #4K #ê³ í™”ì§ˆ #ì‡¼ì¸  #shorts,240819 SBS ì›¬ë””ì˜ ì˜ìŠ¤íŠ¸ë¦¬íŠ¸ ì¶œê·¼ê¸¸,119,"2,130",https://www.youtube.com/shorts/XU2zgJMLfDk,https://i.ytimg.com/vi/XU2zgJMLfDk/oardefault.jpg?sqp=-oaymwEdCJUDENAFSFWQAgHyq4qpAwwIARUAAIhCcAHAAQY=&rs=AOn4CLCrKPlwrhR65lhVwqTXr9-qgdB2pA
ë‹¬ë¦¬ [SBS DALI],https://www.youtube.com/channel/UCPx-7AKiN1Z_qEVKhLQ5pAw,1060000,24-08-2024,Aug 21 2024,No,ì·¨ì¤€ìƒì˜ ì¶©ê²©ì ì¸ ì •ì²´?! #ì„¸ìƒì—ì´ëŸ°ì¼ì´,#ì„¸ìƒì—ì´ëŸ°ì¼ì´ #í‹°ì €,37,"4,006",https://www.youtube.com/shorts/M-U8LOI3g7E,https://i.ytimg.com/vi/M-U8LOI3g7E/oar2.jpg?sqp=-oaymwEdCJUDENAFSFWQAgHyq4qpAwwIARUAAIhCcAHAAQY=&rs=AOn4CLDnvdBBQPhFMbDKys7Og-NUEShw2Q
