links,processed
https://us.youtubers.me//ca19b4a8-8c69-4d46-a14f-5513f91ca810/youtube,
https://us.youtubers.me//mjga/youtube,
https://us.youtubers.me//c326ce77-ab71-422e-8e0b-62b22b02968a/youtube,
https://us.youtubers.me//mbc-aae60caf-ebc7-4735-a18b-763509df9076/youtube,
https://us.youtubers.me//9e5e24f8-2060-4ce6-9961-da57b58e4f1e/youtube,
https://us.youtubers.me//tv-93c47219-3ec8-4d04-bfca-d4643b055fb5/youtube,
https://us.youtubers.me//6ccf7112-8d30-4a36-8ce5-1db5ea76ef36/youtube,
https://us.youtubers.me//dbef8c7e-0ceb-41a9-8260-57f6ca7ddae8/youtube,
https://us.youtubers.me//tvchosun-agora/youtube,
https://us.youtubers.me//e7fab786-dc39-43ce-b2e5-20e33cc02009/youtube,
https://us.youtubers.me//f0a756d0-9bb9-405b-b131-00d552624245/youtube,
https://us.youtubers.me//rsbn/youtube,
https://us.youtubers.me//tv-60303e9b-a344-47d1-8342-e684f14fb45b/youtube,
https://us.youtubers.me//8d6d7e3e-dc53-4234-a782-588ed5f05f3b/youtube,
https://us.youtubers.me//tv-b8681b07-ad84-4d1e-9c26-b0fa63668e0c/youtube,
https://us.youtubers.me//a4f6f599-2c22-4b10-8fe0-39f6a9ef94d6/youtube,
https://us.youtubers.me//mbc-news-a6acdfff-e029-4fc7-9f67-2f51aee8aaba/youtube,
https://us.youtubers.me//sesametube/youtube,
https://us.youtubers.me//pd-tv-578da8a0-dd29-4649-8376-22d34c2a38f1/youtube,
https://us.youtubers.me//bbc-news-d5a570a0-b55e-4424-a64a-8c8243a9e3b2/youtube,
https://us.youtubers.me//tv-90a66dff-4806-4750-aa49-be6172c29c56/youtube,
https://us.youtubers.me//tv-8b35f7b3-5ff3-4d86-aa0f-45a158ba54dd/youtube,
https://us.youtubers.me//ce05f19a-0ac5-498d-bbb6-c769ce98186e/youtube,
https://us.youtubers.me//ca3969a6-93e1-41ba-a066-c38e86e73ab7/youtube,
https://us.youtubers.me//tv-99bd914e-f9e0-4ce9-aaf6-ea38972c31d3/youtube,
https://us.youtubers.me//758d1e67-db7b-407c-bbd7-1a9dfcf76460/youtube,
https://us.youtubers.me//tv-caef8c07-6770-417e-9fd1-655e20a066ab/youtube,
https://us.youtubers.me//mfds/youtube,
https://us.youtubers.me//167d6158-a836-4261-9b75-146f66b7413e/youtube,
https://us.youtubers.me//mbc-3a4cbfb8-4150-48eb-b2b0-37fd886b92cd/youtube,
https://us.youtubers.me//tv-657d1280-f448-494a-baba-179b653aa030/youtube,
https://us.youtubers.me//tv-045c24fa-9517-4211-b0ff-8143325a589f/youtube,
https://us.youtubers.me//yoonique/youtube,
https://us.youtubers.me//de542b19-cbc2-4285-b351-9cf2ef18f56f/youtube,
https://us.youtubers.me//kbc/youtube,
https://us.youtubers.me//tv-74ec609d-34c3-4fef-8fcd-395982d94bd7/youtube,
https://us.youtubers.me//news-a988495c-04e0-4684-81ce-62524fab760d/youtube,
https://us.youtubers.me//kbs-9bdbc118-7f9a-495d-9d6a-7da285c4491d/youtube,
https://us.youtubers.me//tv-622d5cc0-ff4d-4bc8-a4f0-18c611c3eb5c/youtube,
https://us.youtubers.me//mbc-36aca864-4bb1-4590-b91e-bea35ab158b7/youtube,
https://us.youtubers.me//23d62de9-df7b-4035-89c3-c872d8df4306/youtube,
https://us.youtubers.me//98416176-b2d1-4b24-aca0-751749843763/youtube,
https://us.youtubers.me//7168226e-10f6-4ea3-9461-1fbd9a9258d9/youtube,
https://us.youtubers.me//mbc-news-3a19c3ce-2d39-49f9-8b07-ab8ae603a1e6/youtube,
https://us.youtubers.me//33539929-e3c3-4ba3-ad18-4303b55bc40a/youtube,
https://us.youtubers.me//6330253c-ebcd-40c2-bd2f-49dd0f96787b/youtube,
https://us.youtubers.me//414a2572-d22b-4c48-8142-400d54151aca/youtube,
https://us.youtubers.me//ytn-korean/youtube,
https://us.youtubers.me//9f7b68f2-b482-4a2c-8b4c-fba92b8c68cb/youtube,
https://us.youtubers.me//4b7a5ff5-ca52-4f1e-9e97-8df8aada5891/youtube,
https://us.youtubers.me//99-414ec09f-a32b-4ea7-80b7-b9509d81619d/youtube,
https://us.youtubers.me//ed0c32d5-930b-4666-957c-7259900be2a5/youtube,
https://us.youtubers.me//9973d867-d714-42cf-bfb5-15be329b9460/youtube,
https://us.youtubers.me//busannews/youtube,
https://us.youtubers.me//bbb937ba-f256-415a-93c7-07ee5059bc4b/youtube,
https://us.youtubers.me//overseas/youtube,
https://us.youtubers.me//tv-k/youtube,
https://us.youtubers.me//41c5b441-58eb-4f9d-831b-032783151eaf/youtube,
https://us.youtubers.me//kandy_kbs/youtube,
https://us.youtubers.me//tv-2c0ea4a8-abdc-4a57-a5ad-040eee83891a/youtube,
https://us.youtubers.me//focusnews/youtube,
https://us.youtubers.me//e077c27b-3b95-4f3c-be66-25cc626858c1/youtube,
https://us.youtubers.me//mbc-fa84c507-c817-42ca-850d-97e5e033a27b/youtube,
https://us.youtubers.me//mbc-daejeon-mbc-news/youtube,
https://us.youtubers.me//mediatoday-cast/youtube,
https://us.youtubers.me//447f01c3-1cf4-40af-92cb-e4182b92c3a3/youtube,
https://us.youtubers.me//thecbscross/youtube,
https://us.youtubers.me//f98ec992-aa24-4d2b-b689-792119e17fca/youtube,
https://us.youtubers.me//j-9710e79e-870b-47d0-bfc9-206e61436195/youtube,
https://us.youtubers.me//tv-newsleader/youtube,
https://us.youtubers.me//766be846-d9d8-4025-b4c2-3171ba9587cf/youtube,
https://us.youtubers.me//tv-687e8a54-2b80-4135-9789-26982816b565/youtube,
https://us.youtubers.me//d0aae898-0280-4a03-8e97-6ac6d3550387/youtube,
https://us.youtubers.me//dfb04135-b029-4bb1-bb2e-ee6588e5d8e7/youtube,
https://us.youtubers.me//24-b81dcb31-8b5e-4967-b015-1ae758cdb27f/youtube,
https://us.youtubers.me//10b109ed-f6a5-4bbc-beb7-f210133b0e47/youtube,
https://us.youtubers.me//c341de9f-bfde-4b94-a401-28b63f77a0ac/youtube,
https://us.youtubers.me//tv-c1acde5d-81d4-4676-8dc3-3a9008fc8d0f/youtube,
https://us.youtubers.me//tv-4e109f4c-c283-4883-944a-75bd0922c9ad/youtube,
https://us.youtubers.me//kbs-news-96918820-c815-4764-b7ae-6fa919e34f52/youtube,
https://us.youtubers.me//tv-e219ba78-546b-433d-b014-a59cf70c87ec/youtube,
https://us.youtubers.me//justice-c18d736d-571d-4ad2-b3e2-9e65cf808d08/youtube,
https://us.youtubers.me//a1642127-5857-4280-9bb6-5fe4ce1d8023/youtube,
https://us.youtubers.me//22dbe63c-4dc0-4bd8-a5fc-bc1d3cff0011/youtube,
https://us.youtubers.me//c6d63dea-8580-4e1b-a960-105133e31d2f/youtube,
https://us.youtubers.me//tv-73b2d0e3-b72e-41c6-95b9-5fdf65edc883/youtube,
https://us.youtubers.me//7e1dd0dc-d7cd-4a5a-867f-55751fbc1554/youtube,
https://us.youtubers.me//e6477921-08e0-44b3-8238-2ce4bc851302/youtube,
https://us.youtubers.me//pull-push/youtube,
https://us.youtubers.me//92e5cbca-0d36-4442-9bba-599b47e42081/youtube,
https://us.youtubers.me//mbc-676c2f26-3e54-4832-910b-225e529b4381/youtube,
https://us.youtubers.me//tv-7bd6fb67-8ce3-43d2-b4d6-b0faf3817805/youtube,
https://us.youtubers.me//56aec988-ce5f-4728-8082-eafc7191d84c/youtube,
https://us.youtubers.me//c85a2ca7-e949-42a0-8bce-fdfac50d55f2/youtube,
https://us.youtubers.me//tv-4cc7db07-4fd6-45fb-b7f1-89d31e6f4f49/youtube,
https://us.youtubers.me//8aefe883-0b06-4b0e-9619-0e210ecfbb78/youtube,
https://us.youtubers.me//tv-ce725ce7-1dc8-46c8-a0f3-30afdf52cc22/youtube,
https://us.youtubers.me//tv-a9f5b42b-d68c-4832-87ed-0cd276eace1d/youtube,
https://us.youtubers.me//8edd49e3-d85c-4a2a-a86c-a8a5ea4c7871/youtube,
https://us.youtubers.me//6f0bf826-99c9-47b6-ae6e-c2d970fa9c12/youtube,
https://us.youtubers.me//e73a8e22-3b90-457f-8eb1-7f3f6af38fd6/youtube,
https://us.youtubers.me//a1df0471-1dbf-4254-a2ab-1143fe906a94/youtube,
https://us.youtubers.me//aving/youtube,
https://us.youtubers.me//in/youtube,
https://us.youtubers.me//b3ee329f-b99e-425f-aae3-2ea5e258856e/youtube,
https://us.youtubers.me//hcn/youtube,
https://us.youtubers.me//epoch-times-korea/youtube,
https://us.youtubers.me//newdailytv/youtube,
https://us.youtubers.me//natv/youtube,
https://us.youtubers.me//kbs-50931030-9d57-4a6d-ade3-836812489cf5/youtube,
https://us.youtubers.me//d085d9e0-d025-449a-8f5a-bcc688716724/youtube,
https://us.youtubers.me//tv-78d3599f-bf6c-4762-a80e-d4f1a290983c/youtube,
https://us.youtubers.me//tv-1e40f480-0461-4004-92b7-1b44dd49fefa/youtube,
https://us.youtubers.me//a36284ff-7e05-4670-92b3-69565a8ada7f/youtube,
https://us.youtubers.me//e2ebeecb-1bd8-4811-ae00-d8c3bfe83cbc/youtube,
https://us.youtubers.me//d1d76ffe-a231-4e63-b7b7-53fed55a6e05/youtube,
https://us.youtubers.me//59b6e4f9-138f-4779-a33c-33a845865621/youtube,
https://us.youtubers.me//tv-07c48831-2480-4f50-9fa7-cfdde192d587/youtube,
https://us.youtubers.me//b0dcc048-caea-46be-8dc3-1889b8d4e5ff/youtube,
https://us.youtubers.me//9f4fbc64-1cb0-4ebb-8a84-b45be0724d0e/youtube,
https://us.youtubers.me//16ef34a7-b7a3-45b3-855a-08ed00994818/youtube,
https://us.youtubers.me//a89fb714-c3a2-4d9c-8dd6-8d711e99cd37/youtube,
https://us.youtubers.me//tv-c2834858-c8f5-4515-b0e7-a87bc5d643b1/youtube,
https://us.youtubers.me//0073e549-bb8b-4c66-96be-e0bb7f49c47d/youtube,
https://us.youtubers.me//4e028675-61e6-472e-8222-68316d2bc407/youtube,
https://us.youtubers.me//4ab1199b-eada-4ef5-8557-ec8ea22f7f23/youtube,
https://us.youtubers.me//mbc-news/youtube,
https://us.youtubers.me//geegeepia/youtube,
https://us.youtubers.me//jtv-441f8d45-541e-4b82-9283-e884896e592d/youtube,
https://us.youtubers.me//videofactory/youtube,
https://us.youtubers.me//coolbox/youtube,
https://us.youtubers.me//4f08d113-83cf-48de-a73b-f59bbad54a26/youtube,
https://us.youtubers.me//obs-bcd901c9-2f0a-4861-84a3-913042e4f216/youtube,
https://us.youtubers.me//56609d82-82c5-4a6e-a575-0601b67b07da/youtube,
https://us.youtubers.me//la-tv/youtube,
https://us.youtubers.me//c37e2ebf-738a-4736-8913-5b564453ab4a/youtube,
https://us.youtubers.me//tv-e703f17f-f1de-4419-b665-362c2dd33a65/youtube,
https://us.youtubers.me//rang/youtube,
https://us.youtubers.me//tv-7470d3e0-4866-4bae-bb90-c384b282b9ee/youtube,
https://us.youtubers.me//1a4b1539-22bc-4eb0-a3d6-c2bd83337fc5/youtube,
https://us.youtubers.me//8938534e-99f3-4ba0-9371-e0c7b01a68ae/youtube,
https://us.youtubers.me//prince-lemon/youtube,
https://us.youtubers.me//61151bd7-f1f9-4086-bb13-629b056f3358/youtube,
https://us.youtubers.me//mbc-116ab93d-e906-419a-b251-dc1f804c6cfd/youtube,
https://us.youtubers.me//22391bd9-9e7e-4631-b750-24ab3c71cfbe/youtube,
https://us.youtubers.me//4554fa03-de6e-437b-9d11-0c7de36f4638/youtube,
https://us.youtubers.me//exworktv/youtube,
https://us.youtubers.me//be945cb3-1610-4b7f-a1f6-49edf9a4a9ec/youtube,
https://us.youtubers.me//focus-54e51c40-5991-45e2-828f-166024bb4516/youtube,
https://us.youtubers.me//money-tube/youtube,
https://us.youtubers.me//kbsnews/youtube,
https://us.youtubers.me//1-00a5a3ef-9106-4856-ad4a-913542073ce2/youtube,
https://us.youtubers.me//tv-328a0920-df99-4038-b4bc-f26cb505a35b/youtube,
https://us.youtubers.me//b99c3601-e872-475e-81c2-00cf5c60c3b1/youtube,
https://us.youtubers.me//bravo-team/youtube,
https://us.youtubers.me//be9f4a5c-8b82-4d0a-a2f7-c0489bceee3d/youtube,
https://us.youtubers.me//ebs-bac17a91-51a5-42b8-9786-7a3cad19535e/youtube,
https://us.youtubers.me//tv-8dc1d3fc-cb02-46b3-8083-8622e867f66d/youtube,
https://us.youtubers.me//chsentv/youtube,
https://us.youtubers.me//848b615a-5757-41ff-b1ae-d8b7cf50e39f/youtube,
https://us.youtubers.me//55359aea-32a1-44ba-af4c-5bec8811df13/youtube,
https://us.youtubers.me//60b1c7ac-f6d1-446e-9746-6b59e5322a84/youtube,
https://us.youtubers.me//960d15b3-7cbe-4ed9-ab3a-c7ae1bc52b2b/youtube,
https://us.youtubers.me//tv-91ed408b-6b36-4edc-b37d-189668acf58d/youtube,
https://us.youtubers.me//9bc6393b-0215-42a4-a6ed-c867ab1beb06/youtube,
https://us.youtubers.me//tv-dd77cf1a-8e93-427e-8ad5-8a52bb492868/youtube,
https://us.youtubers.me//jay-tv/youtube,
https://us.youtubers.me//bb8d73c2-9741-4db0-bb91-301a3f822729/youtube,
https://us.youtubers.me//tk-c1e5e6b1-ae49-4be0-b5ab-3bca5f550e03/youtube,
https://us.youtubers.me//d11a9e4b-f4eb-4e1a-9651-139aa4cdadff/youtube,
https://us.youtubers.me//71247364-9850-4299-8a5e-40ceef684d82/youtube,
https://us.youtubers.me//8156a0b7-8d84-4f7a-a91d-97b31e90d22f/youtube,
https://us.youtubers.me//a9b6f032-b108-41ea-99f9-cf54ba321f1e/youtube,
https://us.youtubers.me//49556a25-8d14-43fe-92c1-005b0d55f65e/youtube,
https://us.youtubers.me//jontv/youtube,
https://us.youtubers.me//8d12eadc-e192-4a22-93b6-26c668ad127b/youtube,
https://us.youtubers.me//tv-35f2b773-1417-4b1d-b010-feae5d186aa3/youtube,
https://us.youtubers.me//tv-69f1fdd4-a3e4-455d-90fb-1fc40faab3dc/youtube,
https://us.youtubers.me//mbc-news-d894013c-ecfd-407f-99ef-d2cdd213eef2/youtube,
https://us.youtubers.me//573131b1-943a-491d-9f55-61b6eb9f9477/youtube,
https://us.youtubers.me//87548f29-b58e-49f2-ba5e-4f894af5b308/youtube,
https://us.youtubers.me//1f12f9aa-6105-42a1-9e28-1c81c2d456ec/youtube,
https://us.youtubers.me//e285b4b5-d5ea-463e-af0f-ed41a0288022/youtube,
https://us.youtubers.me//cc390e91-4d8c-42d4-9e85-bdeff054b85d/youtube,
https://us.youtubers.me//d44698a8-fc86-47f0-920b-122b4d914fb7/youtube,
https://us.youtubers.me//thejkjtv/youtube,
https://us.youtubers.me//b4cea1a5-7343-44bc-abbe-c8cb297037f4/youtube,
https://us.youtubers.me//cf0b1b4d-6450-48ed-99a4-7c9194088dd8/youtube,
https://us.youtubers.me//d7090879-66b7-47a6-b5d9-6afdff255242/youtube,
https://us.youtubers.me//tv-46a1f62e-1e4f-4c40-8e5f-b4405775da5c/youtube,
https://us.youtubers.me//c6650ba7-2986-427d-a0dd-c1dedecffac9/youtube,
https://us.youtubers.me//2b244106-1755-4268-857d-f22647bb5956/youtube,
https://us.youtubers.me//tv-a6b80e42-773a-4154-97e7-aaeb5cfe40bc/youtube,
https://us.youtubers.me//ktn-tv/youtube,
https://us.youtubers.me//9cc60699-6883-496d-9a0e-67b0a07bade2/youtube,
https://us.youtubers.me//9c21f528-c2bb-4ff0-85f5-9873305a0ee4/youtube,
https://us.youtubers.me//a25a6fe4-55aa-4c34-9201-cbc24ad14a21/youtube,
https://us.youtubers.me//kbs-985610e8-ded0-4539-9020-e77cee3bd621/youtube,
https://us.youtubers.me//69087b58-6f7f-49e3-a650-036a8ec55c9b/youtube,
https://us.youtubers.me//272f7e07-ac0d-48eb-bbdc-01f43c4a3f43/youtube,
https://us.youtubers.me//599b3307-3fc3-4f0d-9e2a-2dcf1f3b0d8b/youtube,
https://us.youtubers.me//d0682f5a-c0c2-47d2-a4de-e4e132420c3d/youtube,
https://us.youtubers.me//g1-news/youtube,
https://us.youtubers.me//c55233cd-6c05-4f8f-98f7-33383b819cbe/youtube,
https://us.youtubers.me//kmax-tv/youtube,
https://us.youtubers.me//3b85e949-f15c-4261-83d9-7b260de89178/youtube,
https://us.youtubers.me//6db38dc2-ab4d-4eae-8cbc-9ef456153177/youtube,
https://us.youtubers.me//194dfd58-98d3-48e5-84ad-66c8c51ccb21/youtube,
https://us.youtubers.me//ndt-kr/youtube,
https://us.youtubers.me//9e18a3f8-f5f8-4c0a-b596-e181de1b4f2e/youtube,
https://us.youtubers.me//ktv-e26ba3c6-7fb9-40c6-9a01-cf302ddb64ac/youtube,
https://us.youtubers.me//de9cdc78-eb7b-45d3-84ec-b96fa11c8b11/youtube,
https://us.youtubers.me//b277042c-b740-46a8-9c1d-e998acdb48db/youtube,
https://us.youtubers.me//tv-163e3f3e-b598-44b9-a418-1dd0c85b514e/youtube,
https://us.youtubers.me//f6449b84-b9af-4fc7-b96a-d13e4d04cdb9/youtube,
https://us.youtubers.me//db4f9804-e875-4e7e-84c9-f64fd5343f13/youtube,
https://us.youtubers.me//tv-8e882ce9-0f3c-4902-846a-4f9b13b6cc12/youtube,
https://us.youtubers.me//tv-ef7ba5ef-2eaa-4d59-bf3e-d0edb1e9102b/youtube,
https://us.youtubers.me//f3f12d55-942c-4fde-9c20-495f0ba3b8a0/youtube,
https://us.youtubers.me//6bdab5bd-01e1-41fe-933c-e73e1f8dbe60/youtube,
https://us.youtubers.me//4b1bdcd8-2bcc-4a5a-8f57-d5de44496ffb/youtube,
https://us.youtubers.me//50467c94-621c-46f5-92f4-c1c94f0bb233/youtube,
https://us.youtubers.me//117c35f9-504f-4e2f-8db4-aaafca45d122/youtube,
https://us.youtubers.me//yunatalktalk/youtube,
https://us.youtubers.me//tv-19bc7869-9f7e-4d37-b208-88dd8c558d02/youtube,
https://us.youtubers.me//8efd6d46-26b7-420a-ad93-67f1ef63b37d/youtube,
https://us.youtubers.me//chosunbiz/youtube,
https://us.youtubers.me//tvchosun-current-issues/youtube,
https://us.youtubers.me//534b4036-1b5d-4f37-9917-0c34081430be/youtube,
https://us.youtubers.me//tv-09a21296-af00-496f-a680-1f5d0a1e2aa2/youtube,
https://us.youtubers.me//a82f349d-4866-4d25-88d7-418ee05343f9/youtube,
https://us.youtubers.me//tbc-b6e4c360-4067-4107-af4a-8ec13ab49f3a/youtube,
https://us.youtubers.me//669ecbc7-3420-400d-95ee-1ba5633a7352/youtube,
https://us.youtubers.me//tv-1b082ba3-6f9e-467b-ba34-b469e116f2a8/youtube,
https://us.youtubers.me//tv-059d9805-eee0-4ef1-a4f8-8c60fc9ea6f4/youtube,
https://us.youtubers.me//a879331b-e431-436b-9da1-f47636748e2e/youtube,
https://us.youtubers.me//kbc-2d19850d-d749-45a7-8eb7-055cc0442c85/youtube,
https://us.youtubers.me//woonykorea/youtube,
https://us.youtubers.me//adea5e97-842d-4416-b8ef-76c5ca8724c5/youtube,
https://us.youtubers.me//tv-7f46ca22-1591-4176-b832-d52b672952d8/youtube,
https://us.youtubers.me//25-894c3fe9-1b51-4a48-a3ba-3902850b5cf5/youtube,
https://us.youtubers.me//bef628f5-1554-4369-8745-a56bbcf62145/youtube,
https://us.youtubers.me//ade95707-40bb-4460-a849-71ad297445f3/youtube,
https://us.youtubers.me//b52cb37c-32da-42e2-b0d4-839216d292e4/youtube,
https://us.youtubers.me//cd06b2b9-ea3b-4f38-b338-ec769a5278f9/youtube,
https://us.youtubers.me//the-freedom-and-life/youtube,
https://us.youtubers.me//206662e4-3d8e-4d56-bee5-82f4a6a7c23a/youtube,
https://us.youtubers.me//von/youtube,
https://us.youtubers.me//796f6300-fc47-4fec-974a-21bebb7f4805/youtube,
https://us.youtubers.me//etv-74b85209-367a-4259-9fc8-d638b1140547/youtube,
https://us.youtubers.me//one-top-korea/youtube,
https://us.youtubers.me//444694e4-f52e-4256-8110-3f6ea7aa85b1/youtube,
https://us.youtubers.me//ajutv-news/youtube,
https://us.youtubers.me//tv-fen/youtube,
https://us.youtubers.me//cts-e1c70b9a-2dc7-4c82-a2c2-ab1ec4450ef1/youtube,
https://us.youtubers.me//nbs-news24/youtube,
https://us.youtubers.me//5b7aa628-8a51-4387-a21b-13b9a0a6b330/youtube,
https://us.youtubers.me//news-707994e2-ffc6-43ea-bf39-dd60bffeb98f/youtube,
https://us.youtubers.me//kr-news-b8a957a4-ae8f-4c9f-87c3-681f8c811861/youtube,
https://us.youtubers.me//tv-e2294bd0-437e-41ba-9d6b-ffd199f04e3f/youtube,
https://us.youtubers.me//0bd3811d-d45c-4f01-abe3-16b7fdc28a04/youtube,
https://us.youtubers.me//tv-3f010538-1af5-400f-9e67-3a3480299b00/youtube,
https://us.youtubers.me//5aceb37b-8a26-4316-8abc-251e2cc1ecfc/youtube,
https://us.youtubers.me//tv-0010e1a4-bba2-475a-80a4-5de7866ef42e/youtube,
https://us.youtubers.me//star-kr/youtube,
https://us.youtubers.me//58a3a26b-1454-497a-b741-8b175996f8e1/youtube,
https://us.youtubers.me//331e5f46-8269-45a2-a431-11e83e7640fb/youtube,
https://us.youtubers.me//hagoon/youtube,
https://us.youtubers.me//tv-bc343702-fd33-4ab2-a927-1f71da4f2740/youtube,
https://us.youtubers.me//5fe1fe33-722b-41a7-8212-5253611149a4/youtube,
https://us.youtubers.me//a-mila/youtube,
https://us.youtubers.me//d9045e32-23e5-4b56-a9c6-7ece826cc761/youtube,
https://us.youtubers.me//a0607053-7dd3-4ea6-8195-2758ad06fe72/youtube,
https://us.youtubers.me//jejusori-tv/youtube,
https://us.youtubers.me//tv-433d9d36-9f0b-470f-b039-125cc37f6064/youtube,
https://us.youtubers.me//korea-news/youtube,
https://us.youtubers.me//3721c7af-0b58-4692-aa82-0e51b1d869ae/youtube,
https://us.youtubers.me//9e935ec0-b00d-40e4-8fba-e25cc67bd181/youtube,
https://us.youtubers.me//lee-jj1313/youtube,
https://us.youtubers.me//tv-710dcacb-6844-4c51-989e-1906b3388408/youtube,
https://us.youtubers.me//kbs-aaec769d-a0f5-4b47-b7c8-5b0aa06f0fd0/youtube,
https://us.youtubers.me//ktv-breaking-news/youtube,
https://us.youtubers.me//0db099f1-ba20-4ed4-b712-e5e6c9100eb8/youtube,
https://us.youtubers.me//pohang-city/youtube,
https://us.youtubers.me//21d1579c-1005-455a-9481-f2eb0999eae2/youtube,
https://us.youtubers.me//tv-35c0f2fb-a312-4183-9d87-d817e57798ff/youtube,
https://us.youtubers.me//56240202-a344-41a9-a3af-a5dd1038d7df/youtube,
https://us.youtubers.me//kdi/youtube,
https://us.youtubers.me//tv-a52ede6a-855b-4c34-8d94-45b355171c09/youtube,
https://us.youtubers.me//8b466656-c8ae-4cff-86cb-7f0e08d71ec9/youtube,
https://us.youtubers.me//f4ca7f23-177c-4019-9771-c07ec5191861/youtube,
https://us.youtubers.me//dbeed424-bc59-421d-844e-1ed8a7737e4e/youtube,
https://us.youtubers.me//1-tv/youtube,
https://us.youtubers.me//3843567e-8a2b-4f7c-8b47-29e62398f5b1/youtube,
https://us.youtubers.me//newslab-it/youtube,
https://us.youtubers.me//_-tv/youtube,
https://us.youtubers.me//tv-7582c15e-cf37-42be-8343-db0190017eff/youtube,
https://us.youtubers.me//juebock-3x/youtube,
https://us.youtubers.me//21-2b61073d-b133-41c1-b24f-2089c8e8a764/youtube,
https://us.youtubers.me//f6fdd06d-ab4e-4141-a5fc-e205883be8a2/youtube,
https://us.youtubers.me//850bc003-ade1-4ee8-a89a-9a2f2195fb4f/youtube,
https://us.youtubers.me//4cb87e4a-5d28-4545-a5fd-2da8ef9f8ff2/youtube,
https://us.youtubers.me//worldwide-story/youtube,
https://us.youtubers.me//8f8e3e6e-cbbe-4578-85d3-20383c315674/youtube,
https://us.youtubers.me//progiffer/youtube,
https://us.youtubers.me//veritas-speak-x/youtube,
https://us.youtubers.me//088f708a-f11d-4247-bd4b-d878b660f576/youtube,
https://us.youtubers.me//59043730-9198-4d37-b062-3cedea855897/youtube,
https://us.youtubers.me//d8c06bdb-c478-44ab-82e3-e0dd9cfd29f0/youtube,
https://us.youtubers.me//2afd0016-b90a-47ed-9c51-976b504126c2/youtube,
https://us.youtubers.me//likey-heart/youtube,
https://us.youtubers.me//ajae-tv/youtube,
https://us.youtubers.me//m/youtube,
https://us.youtubers.me//3d247a7d-963f-4bf8-a071-d48dc650eeaa/youtube,
https://us.youtubers.me//c24c0de6-5756-4ce0-9903-a06f01bd4053/youtube,
https://us.youtubers.me//willowryu/youtube,
https://us.youtubers.me//angel-space/youtube,
https://us.youtubers.me//mushena/youtube,
https://us.youtubers.me//pd-c6ba324e-c230-4f43-ac03-4e3151f53405/youtube,
https://us.youtubers.me//radio/youtube,
https://us.youtubers.me//660752a4-9125-4cc4-ad33-09d8795a28af/youtube,
https://us.youtubers.me//4c23b4f8-f05a-4408-9244-6e166f66a619/youtube,
https://us.youtubers.me//jtvc/youtube,
https://us.youtubers.me//a8976e8b-284d-4de9-8e2c-4ed7c6a0f619/youtube,
https://us.youtubers.me//b5232e3a-ca96-4a7c-bc3a-b54ecfc86d3b/youtube,
https://us.youtubers.me//people-first/youtube,
https://us.youtubers.me//c7d39826-bc10-4f4d-aa10-8b0bbb85fce6/youtube,
https://us.youtubers.me//p-cd8e08a4-c19d-4027-a0ef-874908017a1f/youtube,
https://us.youtubers.me//ac5469c2-45ff-4985-9a1f-8621428d35d2/youtube,
https://us.youtubers.me//kr-news/youtube,
https://us.youtubers.me//b85f83fa-c515-4d61-b8d1-645a04708bef/youtube,
https://us.youtubers.me//27b0ade8-9efa-410c-b13c-f302731436d1/youtube,
https://us.youtubers.me//3038a96c-62ed-4e8f-8ab4-2e722b614164/youtube,
https://us.youtubers.me//ph-ng-anh/youtube,
https://us.youtubers.me//40abec8e-2f79-45d5-bee6-0cf2aaf27dfb/youtube,
https://us.youtubers.me//newbc/youtube,
https://us.youtubers.me//7781b086-77ee-45ac-89f0-c4ad83bdbfbd/youtube,
https://us.youtubers.me//0991a766-e25d-42cf-9205-a01f74a6f4e0/youtube,
https://us.youtubers.me//pd/youtube,
https://us.youtubers.me//showciety/youtube,
https://us.youtubers.me//e16f3ba8-9602-4878-910f-90f0bdca2a16/youtube,
https://us.youtubers.me//law-s/youtube,
https://us.youtubers.me//f3fc287e-b7e1-42aa-94fb-ecf554a49877/youtube,
https://us.youtubers.me//hitmaker/youtube,
https://us.youtubers.me//fdfcba8a-e58e-4b6d-8bfb-991809f9cb97/youtube,
https://us.youtubers.me//tv-korea/youtube,
https://us.youtubers.me//c3bdb7b6-405f-47dc-867f-68df23336162/youtube,
https://us.youtubers.me//it/youtube,
https://us.youtubers.me//fred-kim/youtube,
https://us.youtubers.me//c4e2b44d-df65-46bf-8c0e-960e66f2929a/youtube,
https://us.youtubers.me//7e88929c-433b-4638-a1a7-d12ff7fe019f/youtube,
https://us.youtubers.me//tv-89c9eef7-0bc1-4c44-a14e-27039b3ffa3e/youtube,
https://us.youtubers.me//jtbc-news-766fb30f-ac99-48cf-8e00-2ed8d2b68ec1/youtube,
https://us.youtubers.me//han-wai/youtube,
https://us.youtubers.me//43e91bee-1b9f-4055-a632-29905381e5ed/youtube,
https://us.youtubers.me//cebb2150-a1f8-475a-8cef-d2225a05e3e9/youtube,
https://us.youtubers.me//585f7914-17cc-441c-8fac-989be9aff181/youtube,
https://us.youtubers.me//ktv-b41356d9-3f31-45e9-b38e-282ef2c72ca7/youtube,
https://us.youtubers.me//yang/youtube,
https://us.youtubers.me//mrfogg/youtube,
https://us.youtubers.me//9dc8c3ae-ca2a-49c8-b4e9-8810da239606/youtube,
https://us.youtubers.me//8b5567c0-2823-4371-80a1-1068ab11d5d1/youtube,
https://us.youtubers.me//f52c77ff-5f2b-437b-b7f3-ed788e10b794/youtube,
https://us.youtubers.me//jtbc-online/youtube,
https://us.youtubers.me//tv-globe-tv/youtube,
https://us.youtubers.me//freedom-fighters/youtube,
https://us.youtubers.me//nbs-365/youtube,
https://us.youtubers.me//nk-army-tv/youtube,
https://us.youtubers.me//azure-media/youtube,
https://us.youtubers.me//y/youtube,
https://us.youtubers.me//ffef4e69-6ebc-4759-b19f-d53c78b1e99f/youtube,
https://us.youtubers.me//jinju-tv/youtube,
https://us.youtubers.me//8e5c4407-be9c-4ae0-8c46-85445b05898d/youtube,
https://us.youtubers.me//ea504f4f-b92a-434a-a5d1-686fe4a76df1/youtube,
https://us.youtubers.me//ranking-house/youtube,
https://us.youtubers.me//072517bd-c067-4eb0-8a64-b7341450aea1/youtube,
https://us.youtubers.me//f1beb007-651a-40dd-a3e3-8cb36791ad4e/youtube,
https://us.youtubers.me//origin_er/youtube,
https://us.youtubers.me//tv-cartoon/youtube,
https://us.youtubers.me//63bfeba3-02b9-4925-a673-47d622c1a497/youtube,
https://us.youtubers.me//tv-8bc2a07a-58ce-4de5-9267-e16221a18ece/youtube,
https://us.youtubers.me//ef98e38a-87e4-47d9-8e65-9a4467d83389/youtube,
https://us.youtubers.me//jaquelinere/youtube,
https://us.youtubers.me//96ef88da-81dc-4ff1-b380-de15a0eefc0b/youtube,
https://us.youtubers.me//tv-bd6bd147-0367-4a77-a24f-45c695f3ac84/youtube,
https://us.youtubers.me//gd-s-latest-highlights/youtube,
https://us.youtubers.me//gamst/youtube,
https://us.youtubers.me//spotv/youtube,
https://us.youtubers.me//tv-af77398f-93f3-4ddc-94eb-a012cb2da8f8/youtube,
https://us.youtubers.me//spotvnews/youtube,
https://us.youtubers.me//shoot-for-love/youtube,
https://us.youtubers.me//ee4ac52d-954c-4eda-8ced-9f73b32d6e14/youtube,
https://us.youtubers.me//c269752f-c08b-4871-a0b6-b0522856c6a2/youtube,
https://us.youtubers.me//cheers-sports/youtube,
https://us.youtubers.me//kldh/youtube,
https://us.youtubers.me//jk-bcefad2c-6197-4f6b-8681-4bdca4271478/youtube,
https://us.youtubers.me//123a267d-58bb-46fb-8d9a-eb496918d77f/youtube,
https://us.youtubers.me//fitvely/youtube,
https://us.youtubers.me//483069ba-9450-4469-9b43-5d55445f85e0/youtube,
https://us.youtubers.me//36cbfb96-d11c-4dd0-8b26-8379d167a445/youtube,
https://us.youtubers.me//sportsmug/youtube,
https://us.youtubers.me//89b517b4-7920-4466-b5ed-b2b7a2b15773/youtube,
https://us.youtubers.me//41d0720f-17c0-4733-a087-a329d5e06d09/youtube,
https://us.youtubers.me//road-fighting-championship/youtube,
https://us.youtubers.me//pdb/youtube,
https://us.youtubers.me//goale/youtube,
https://us.youtubers.me//tv-f5cda3c0-e51d-4f2f-a43f-ecab4aceb325/youtube,
https://us.youtubers.me//607bf6ae-6db3-400d-bdae-72a5eb19e07f/youtube,
https://us.youtubers.me//fa18d7f1-8fad-412f-8c7c-5e96cf3494ad/youtube,
https://us.youtubers.me//surplushealth/youtube,
https://us.youtubers.me//7366e829-af10-4244-8fd8-05ee4598f6cc/youtube,
https://us.youtubers.me//k-k-league/youtube,
https://us.youtubers.me//27e540b2-9ed2-4fbd-a881-7321d49eb3a3/youtube,
https://us.youtubers.me//mbc-sports/youtube,
https://us.youtubers.me//koreanzombie/youtube,
https://us.youtubers.me//icloo-golf-edition/youtube,
https://us.youtubers.me//jfootballtv/youtube,
https://us.youtubers.me//gym-jong-kook/youtube,
https://us.youtubers.me//9aec1863-661f-4609-871c-5ce039af7d99/youtube,
https://us.youtubers.me//tv-dcbf9994-9b31-4cfa-a888-8234172e674d/youtube,
https://us.youtubers.me//dcf9ed83-b929-41dc-83a3-132287fcd6bf/youtube,
https://us.youtubers.me//82fcf44f-e846-4992-a6ed-42c07e75d8d6/youtube,
https://us.youtubers.me//allblanc-tv/youtube,
https://us.youtubers.me//f3eb36e7-9d19-4975-9fb2-d99db0de701a/youtube,
https://us.youtubers.me//a8b3fe8f-298d-4fb5-bc79-aff0130f954f/youtube,
https://us.youtubers.me//kfatv-korea-football-association/youtube,
https://us.youtubers.me//0169d5b7-5a56-4957-a148-35aec4d25017/youtube,
https://us.youtubers.me//f93b5613-177a-460b-9cad-edd1ecfa467a/youtube,
https://us.youtubers.me//kwakyoongy/youtube,
https://us.youtubers.me//jumpootv/youtube,
https://us.youtubers.me//78c057bd-2391-4a8b-b27f-d45aec0f8c2c/youtube,
https://us.youtubers.me//sports1tv/youtube,
https://us.youtubers.me//tv-ff25132e-bfa7-43a9-99d4-c4c6e5af27d0/youtube,
https://us.youtubers.me//01b05978-367c-4048-bf48-4c31b22d01ed/youtube,
https://us.youtubers.me//2cf85a74-7bea-4615-bca4-c4eec18534fe/youtube,
https://us.youtubers.me//9fae66db-b5ea-4e0b-b84e-9a5ae33e430b/youtube,
https://us.youtubers.me//tv-2f1019b6-ce05-43d4-ba1f-f3ad068c256d/youtube,
https://us.youtubers.me//tv-211b57ef-83b6-40d7-ba92-be646a1b6a8e/youtube,
https://us.youtubers.me//tv-korean-fitness-garage/youtube,
https://us.youtubers.me//gk-gkocoach/youtube,
https://us.youtubers.me//4ae2dee1-dcf5-4527-b3f8-e090e0bc4a45/youtube,
https://us.youtubers.me//5f735e0e-dc51-4157-ad64-22ea95bcc535/youtube,
https://us.youtubers.me//spoiler-be9b04fd-f60e-41bc-9d6a-bee95dc440df/youtube,
https://us.youtubers.me//ae52f4e6-9c59-43cc-a783-a3e338e653b8/youtube,
https://us.youtubers.me//691404d9-191c-4723-bcd0-b1cb78be328d/youtube,
https://us.youtubers.me//253734be-1f13-4cbe-bd9f-85302631507a/youtube,
https://us.youtubers.me//_-93630878-ae7f-4b2f-97d8-43aa821f60b8/youtube,
https://us.youtubers.me//k-really-station/youtube,
https://us.youtubers.me//fundamental/youtube,
https://us.youtubers.me//pba-tv/youtube,
https://us.youtubers.me//haseungjin/youtube,
https://us.youtubers.me//tv-b0930b63-ecff-4c24-9808-6356380bf4d8/youtube,
https://us.youtubers.me//tv-137fa297-c6ac-4cf5-ac55-b763ba8c8e2f/youtube,
https://us.youtubers.me//b55edf45-5810-4d89-b7ad-ccd6a23dd4a9/youtube,
https://us.youtubers.me//chul-soon-hwang/youtube,
https://us.youtubers.me//athletic-life/youtube,
https://us.youtubers.me//tv-57b0208b-98a6-45ea-9cd1-17d6586df80b/youtube,
https://us.youtubers.me//pro-golfer-heo/youtube,
https://us.youtubers.me//dcc6cbd7-bd72-478c-b00a-21d5196a846f/youtube,
https://us.youtubers.me//tv-6708f9ca-b472-4952-8137-661a62f86a1e/youtube,
https://us.youtubers.me//live-football-6ba5a1f1-00d5-4a30-bc65-b1a8f47cf6f6/youtube,
https://us.youtubers.me//tv-hanjune-tv/youtube,
https://us.youtubers.me//climbtourtv_/youtube,
https://us.youtubers.me//cdd5dd53-1dfb-462c-97ff-b13196a6fbad/youtube,
https://us.youtubers.me//790d33e5-e809-43e6-8643-f70d7776a3ed/youtube,
https://us.youtubers.me//gamest/youtube,
https://us.youtubers.me//abfb3608-cd5a-42c7-8e2c-5d81b510392b/youtube,
https://us.youtubers.me//08b47508-d304-4ae7-acb8-bf6ef759be2f/youtube,
https://us.youtubers.me//e5f982ee-4002-4ff3-9ea6-3df0ed473352/youtube,
https://us.youtubers.me//b1ed39ee-2735-48e1-9fd5-fe89e770ba44/youtube,
https://us.youtubers.me//c844aee8-83c0-4e80-a463-486a65437b44/youtube,
https://us.youtubers.me//c9a904c8-4a0a-4660-9558-14d6f36e1426/youtube,
https://us.youtubers.me//0e3da7a6-c3f7-444c-8f4c-57d8ccae1bf5/youtube,
https://us.youtubers.me//1e7df470-d2b1-4027-b0b1-ed51101def38/youtube,
https://us.youtubers.me//tv-70c6ec87-1918-4bd2-88bc-47121d0901d7/youtube,
https://us.youtubers.me//24d4f41f-ba1a-4ebf-a860-a2bb1aee34cc/youtube,
https://us.youtubers.me//tv-c2aec7d0-3110-40dd-98e8-876480dc94cb/youtube,
https://us.youtubers.me//fc-35c55a11-44ed-4c50-a8d2-9664e55df581/youtube,
https://us.youtubers.me//kozoom-korea/youtube,
https://us.youtubers.me//8d3a2145-564e-4c5e-852c-8c6f192d5ac0/youtube,
https://us.youtubers.me//bb0272a9-b175-4212-8008-eddac44f542a/youtube,
https://us.youtubers.me//quantum-basketball_kr/youtube,
https://us.youtubers.me//be-like-cristiano/youtube,
https://us.youtubers.me//tv-9fdf307b-7eac-48a4-ab48-f91d436cd111/youtube,
https://us.youtubers.me//gk-doblock/youtube,
https://us.youtubers.me//c66612d7-dd5e-4894-bfcb-1ae61f6f6094/youtube,
https://us.youtubers.me//bt-swing/youtube,
https://us.youtubers.me//tv-b9fd5b0a-ecdf-4f93-8245-81994dbb8caa/youtube,
https://us.youtubers.me//jaedong-kim/youtube,
https://us.youtubers.me//barbellator/youtube,
https://us.youtubers.me//cea888c3-655d-4b52-814a-acadec333a03/youtube,
https://us.youtubers.me//b-story/youtube,
https://us.youtubers.me//e3b4aa09-5245-44e0-aad2-dcf555dcbee9/youtube,
https://us.youtubers.me//4fda9321-40d7-43e7-aeb0-f9600d4cb270/youtube,
https://us.youtubers.me//e04a4d89-6473-497f-ac31-3207f9facdd6/youtube,
https://us.youtubers.me//tv-d81375f6-52c5-4b51-8cd7-14556d94300d/youtube,
https://us.youtubers.me//tv-footics/youtube,
https://us.youtubers.me//f34633d3-6f3d-4e51-86a6-0cdfd6f006ab/youtube,
https://us.youtubers.me//mediheal_pilates/youtube,
https://us.youtubers.me//touch-play-5e9ee04b-579a-4cb5-b7ec-a3ff73053008/youtube,
https://us.youtubers.me//stn-sports/youtube,
https://us.youtubers.me//kovo/youtube,
https://us.youtubers.me//train-for-eating/youtube,
https://us.youtubers.me//017ef8af-3f77-431f-8355-083deb182296/youtube,
https://us.youtubers.me//mlb-f9fcf648-52a5-4ab2-bf58-8c53c2c18470/youtube,
https://us.youtubers.me//b5460e69-df14-47b2-84a5-47038cf56990/youtube,
https://us.youtubers.me//ggj/youtube,
https://us.youtubers.me//3cf225f1-a797-4507-96fe-172a0864faa5/youtube,
https://us.youtubers.me//c75f8776-fc1c-4277-871d-9050745f5049/youtube,
https://us.youtubers.me//ssumtimes/youtube,
https://us.youtubers.me//1d9f8ec4-a3e6-4c1a-83f8-5a34cf88f57a/youtube,
https://us.youtubers.me//extreme-moment/youtube,
https://us.youtubers.me//dares/youtube,
https://us.youtubers.me//66152360-0265-474a-b9a2-cda5bf651c49/youtube,
https://us.youtubers.me//59f061c2-33eb-4216-82a5-8d64d45f192d/youtube,
https://us.youtubers.me//e1235abe-b91c-4533-a29c-fbfc8f114476/youtube,
https://us.youtubers.me//tvbaduk/youtube,
https://us.youtubers.me//hi-korea/youtube,
https://us.youtubers.me//total-football-53f62fc1-c3fc-425b-82ab-2ff80ffbf22c/youtube,
https://us.youtubers.me//daca3b6f-ccfc-483d-9b10-e92ba1e8a4a2/youtube,
https://us.youtubers.me//db5fb58e-045f-4179-93f8-e1b66eaada2a/youtube,
https://us.youtubers.me//kbs-n/youtube,
https://us.youtubers.me//lionstv/youtube,
https://us.youtubers.me//kbl-tv-71d6b520-8dee-4fbd-ab3e-e5ad234f5f6a/youtube,
https://us.youtubers.me//lee-tv/youtube,
https://us.youtubers.me//2a45f07e-8586-4311-a5f8-d839ffb2d8bd/youtube,
https://us.youtubers.me//2-1eb0f9ad-518a-443d-a9a2-ad034db3e9f3/youtube,
https://us.youtubers.me//paris-sbs-germain/youtube,
https://us.youtubers.me//lgtwinstv/youtube,
https://us.youtubers.me//e94c234d-77bc-406d-b3c4-474b14e25ad9/youtube,
https://us.youtubers.me//mrnolan/youtube,
https://us.youtubers.me//efe9b3ea-2f35-41f6-b3e1-944dd578d009/youtube,
https://us.youtubers.me//fd99fe57-7649-4f35-bf54-79969496fc70/youtube,
https://us.youtubers.me//c1a9639c-1f72-4f13-8f12-eec0a88f235b/youtube,
https://us.youtubers.me//kbo/youtube,
https://us.youtubers.me//sk-238423ce-b054-4f90-9bd6-df76ba82c536/youtube,
https://us.youtubers.me//03c1727e-d138-4eb7-ba0c-5cd1e2f9d60e/youtube,
https://us.youtubers.me//9515045a-9ecd-4424-b2a4-779ec3b6cea1/youtube,
https://us.youtubers.me//heon-honey/youtube,
https://us.youtubers.me//0fddd8df-3779-4312-b654-5fe3e2f434bc/youtube,
https://us.youtubers.me//9e0ec89e-7dde-48b4-915d-538d1df63607/youtube,
https://us.youtubers.me//dc5df7e2-cb98-4299-8cfc-c53ceb09f9d9/youtube,
https://us.youtubers.me//3277dd84-0d44-4618-9f01-fd4f2b02147d/youtube,
https://us.youtubers.me//jeonbuk-hyundai-motors-fc/youtube,
https://us.youtubers.me//6fd8b0ee-a10c-4e7d-bde0-69e5e6c42574/youtube,
https://us.youtubers.me//674d2e3f-24ed-419a-a650-18c5f0b129a8/youtube,
https://us.youtubers.me//bj-d137cef0-2ce0-47f7-ad1f-d08e964fa1f2/youtube,
https://us.youtubers.me//eed70206-3c57-4f9b-9a91-ac1e435b4fce/youtube,
https://us.youtubers.me//tv-6488efe9-2e18-4265-9d04-f66bb3359ee0/youtube,
https://us.youtubers.me//0b23f18c-f35e-4ae8-ad6f-417ef94b315a/youtube,
https://us.youtubers.me//kiwoom-heroes-baseball-club/youtube,
https://us.youtubers.me//7003fe6e-dfd9-492e-b7ce-9202b3b1dbd8/youtube,
https://us.youtubers.me//yeshole-football/youtube,
https://us.youtubers.me//ftv-korea-fishing-channel/youtube,
https://us.youtubers.me//bd1c4aa4-3f51-4bdf-a887-2262206a7afc/youtube,
https://us.youtubers.me//3728c006-5a96-480d-9f95-b3d08e5dfa52/youtube,
https://us.youtubers.me//6f178687-7e81-486f-816a-15407d683994/youtube,
https://us.youtubers.me//2e23bdea-f1be-4832-ba45-e36b370a8af2/youtube,
https://us.youtubers.me//298bb608-8a14-4a55-bc47-dcc7792d8d21/youtube,
https://us.youtubers.me//tv-d949ab2d-b7d7-4668-8e25-82763d1b453b/youtube,
https://us.youtubers.me//fb68468b-3a05-4c67-b160-f46465aaa041/youtube,
https://us.youtubers.me//mma-fcf30b96-980b-4f21-8b4f-051845702be7/youtube,
https://us.youtubers.me//tv_-0dc9f2fe-0bc0-43bc-ba37-4519eaeb6bc4/youtube,
https://us.youtubers.me//ohoo/youtube,
https://us.youtubers.me//er-a1128aba-9d1a-45c8-9cc9-99ae5c875504/youtube,
https://us.youtubers.me//tv-d29fe97f-33e3-400d-987b-f02a8f94b757/youtube,
https://us.youtubers.me//6db78a0a-fca4-4e19-8b1d-5aab8009f42e/youtube,
https://us.youtubers.me//9cde70c5-1c32-4189-baf1-da5985f6547c/youtube,
https://us.youtubers.me//tv-ericbell/youtube,
https://us.youtubers.me//awesomebliss/youtube,
https://us.youtubers.me//0c9ad05d-cdf2-42b7-b67d-f24699fa48c6/youtube,
https://us.youtubers.me//5ohshot/youtube,
https://us.youtubers.me//gun-lee/youtube,
https://us.youtubers.me//jumpingmachine_official/youtube,
https://us.youtubers.me//cc3b43d9-95f5-4fa6-bf77-6493cd8dda3d/youtube,
https://us.youtubers.me//nbartv/youtube,
https://us.youtubers.me//sportymedia/youtube,
https://us.youtubers.me//dktv-daniel/youtube,
https://us.youtubers.me//e4744176-a338-4f34-a40a-4f4068f229b7/youtube,
https://us.youtubers.me//c2808a92-6235-479a-9ebf-6bd8d6a88562/youtube,
https://us.youtubers.me//3b0bd387-9c03-407e-80c9-d78f52bee8c6/youtube,
https://us.youtubers.me//thisissoccer/youtube,
https://us.youtubers.me//52c2e4dc-ae21-4d80-99e1-c385aae144b9/youtube,
https://us.youtubers.me//tv-6c180ab5-f0a0-46e5-ac2d-0a0e136ff39d/youtube,
https://us.youtubers.me//34c98304-37cd-4394-89da-8d1d61748db0/youtube,
https://us.youtubers.me//tv-8ba40798-ac89-4663-8caf-6a20c4fa4ee3/youtube,
https://us.youtubers.me//6d23e3e4-5fd1-4fa4-9e21-bd1cb3fc855c/youtube,
https://us.youtubers.me//743161f8-398d-4e7c-ac87-ebed69a47372/youtube,
https://us.youtubers.me//bc4c301b-26d0-4764-8b1a-9f85ccbc80b0/youtube,
https://us.youtubers.me//tv-fb75bc24-b396-4109-bea7-e084691bb4b9/youtube,
https://us.youtubers.me//football-onair/youtube,
https://us.youtubers.me//9aaf0e12-a7ba-404e-901e-6bbbed20f303/youtube,
https://us.youtubers.me//jung-dae-jin/youtube,
https://us.youtubers.me//ab24bcc8-3ebe-484a-8fa3-ab203516bcb2/youtube,
https://us.youtubers.me//physique-kingdom/youtube,
https://us.youtubers.me//b0d4880a-75ac-46d5-bce7-ae4cc0ff08ac/youtube,
https://us.youtubers.me//e6fb57fd-156f-4b15-b98f-c2165dca07ab/youtube,
https://us.youtubers.me//k-in-by-kei/youtube,
https://us.youtubers.me//372f24de-e999-42c5-9762-0703c62a857d/youtube,
https://us.youtubers.me//9769c913-4e2f-4e83-9658-fec692c1f545/youtube,
https://us.youtubers.me//trainlikepros-spt/youtube,
https://us.youtubers.me//tv-8e6ac509-f5fc-4684-9f18-dc4f1cfdf129/youtube,
https://us.youtubers.me//dohun/youtube,
https://us.youtubers.me//fe90cd55-9c53-4618-8b5f-24dfe44ac778/youtube,
https://us.youtubers.me//song-dan-golf/youtube,
https://us.youtubers.me//re-daeho/youtube,
https://us.youtubers.me//fc-seoul/youtube,
https://us.youtubers.me//goal-tv-08f48ce0-873a-45cb-bfc0-0d6d47f97bec/youtube,
https://us.youtubers.me//e4947c8e-f73c-421a-85db-015996adda23/youtube,
https://us.youtubers.me//powergerman/youtube,
https://us.youtubers.me//637adc2d-a1d9-458f-939c-61c3494fb990/youtube,
https://us.youtubers.me//tv-4b700a2e-16b9-419e-b51f-fe985d6f4803/youtube,
https://us.youtubers.me//c2be9b7b-d558-4c04-b760-146fe5bc4150/youtube,
https://us.youtubers.me//tv-543815b4-1374-4ac9-9fe5-2f3ba65573c5/youtube,
https://us.youtubers.me//_-98b110b6-bf8b-4cab-bea0-a1c1445414ec/youtube,
https://us.youtubers.me//b4d8baa2-c282-47d4-b985-91df2b45a913/youtube,
https://us.youtubers.me//bed0f7e1-26a1-4f30-9598-10b1e0b10d3f/youtube,
https://us.youtubers.me//21e9e5a7-ec18-4aad-a778-6da2b8bf9e20/youtube,
https://us.youtubers.me//63917995-220d-4765-939d-3eca54809e74/youtube,
https://us.youtubers.me//nc-715510db-23e7-400c-82f4-b5357c1b68c5/youtube,
https://us.youtubers.me//tv-96ab2361-d4cf-48e2-ac35-1c459b5e0585/youtube,
https://us.youtubers.me//fmtv/youtube,
https://us.youtubers.me//ed862622-6e02-44c8-a4b4-20116a614c6d/youtube,
https://us.youtubers.me//golf_doha/youtube,
https://us.youtubers.me//68ead1b4-3eff-41f8-baef-804dc696ac41/youtube,
https://us.youtubers.me//f6a5839f-0a15-4001-acf0-45722e73bf90/youtube,
https://us.youtubers.me//b788eade-6830-44ad-bca6-9236d8bc2508/youtube,
https://us.youtubers.me//22ae2669-4c88-409c-a1a8-eb9932a5bf45/youtube,
https://us.youtubers.me//f6f15baf-c442-42bb-b1be-4cd9bdc68de0/youtube,
https://us.youtubers.me//31d6c2e1-869e-41b8-9130-3df58d635a1e/youtube,
https://us.youtubers.me//tv-0ca8424a-4c63-4109-8ab9-8424a15de1ba/youtube,
https://us.youtubers.me//09bcbb84-eaeb-4620-bb17-916099978d35/youtube,
https://us.youtubers.me//5fe47c5c-1c30-4c8c-9cb4-c324d2e0f4c1/youtube,
https://us.youtubers.me//821291fe-65c3-444d-9586-1f9a8e869af3/youtube,
https://us.youtubers.me//5f6132db-4768-45a0-88c5-e806b920f6d0/youtube,
https://us.youtubers.me//caro-vlogs/youtube,
https://us.youtubers.me//sbs-golf-1e57cd71-304e-4d5e-94c8-b3a2d3292fea/youtube,
https://us.youtubers.me//afc/youtube,
https://us.youtubers.me//721eb4e7-61fd-48a9-9451-3394216d7459/youtube,
https://us.youtubers.me//tv-d6cd5024-707e-4441-bbe7-8b21ac4a77df/youtube,
https://us.youtubers.me//519e43e2-07bb-40b1-8cb9-318eeb14d3fb/youtube,
https://us.youtubers.me//tv-2f2b4fb1-d608-432b-b4bb-f5f7247d390e/youtube,
https://us.youtubers.me//tv-df2d70ff-bc3b-4ef4-96c7-c9708e021e27/youtube,
https://us.youtubers.me//lpga-na-yeon-choi/youtube,
https://us.youtubers.me//61bec810-fdfe-40c1-831c-69157066375e/youtube,
https://us.youtubers.me//tv-29f97002-bbcc-45d4-9ce2-3fe4c926fcef/youtube,
https://us.youtubers.me//5de41c3f-f6cb-47d2-a7c0-9ee40f9f15c9/youtube,
https://us.youtubers.me//c9df9055-ade3-4dd6-8a87-51169da5e7f0/youtube,
https://us.youtubers.me//gatsby/youtube,
https://us.youtubers.me//teamtwelve/youtube,
https://us.youtubers.me//tv-f60e9a9e-a62c-4d05-99cb-d30c6ebbeda0/youtube,
https://us.youtubers.me//2816e8af-73af-487c-96b7-ddc78040d772/youtube,
https://us.youtubers.me//5b8da877-252c-4e87-8334-9bae25f3e678/youtube,
https://us.youtubers.me//c30984fb-3519-4060-8ebe-b05307a3c274/youtube,
https://us.youtubers.me//418906bb-1714-4a90-9a0e-de41a2fabad5/youtube,
https://us.youtubers.me//tv-ded8063a-0dd4-4df9-9f14-dc45a8592726/youtube,
https://us.youtubers.me//tv-db40a655-9793-4b61-9d4d-d354de9939b4/youtube,
https://us.youtubers.me//k-51d31d95-32d6-444f-9074-d6ab5e5c745c/youtube,
https://us.youtubers.me//mk-30efa8cd-68f6-484d-a785-69971c90b41c/youtube,
https://us.youtubers.me//3ba33bf6-bcc5-472f-bdad-3c2d53d83677/youtube,
https://us.youtubers.me//54c60d70-37c3-4d0a-861e-ca1078188511/youtube,
https://us.youtubers.me//cc12410e-d273-4358-85fe-89696aae803e/youtube,
https://us.youtubers.me//0a6f067b-7455-4c7e-84fc-28bdd97959be/youtube,
https://us.youtubers.me//footyhunter/youtube,
https://us.youtubers.me//306143ee-a497-4df4-bebb-6432ba57bbbb/youtube,
https://us.youtubers.me//football-teller/youtube,
https://us.youtubers.me//miso-cycling/youtube,
https://us.youtubers.me//tv-cbc9a3ff-8ed9-423a-b446-25edc7e07a0e/youtube,
https://us.youtubers.me//extreme-mania/youtube,
https://us.youtubers.me//tennis-study/youtube,
https://us.youtubers.me//gk-f9eb8a57-4489-4c7b-89ae-ef1aa4107b47/youtube,
https://us.youtubers.me//85a40416-a080-4acc-8b7a-95ce9786c464/youtube,
https://us.youtubers.me//fall-in-football/youtube,
https://us.youtubers.me//shc/youtube,
https://us.youtubers.me//tv-47670d00-e58b-4d91-9337-fc58cafeaf2c/youtube,
https://us.youtubers.me//lbygolf/youtube,
https://us.youtubers.me//9f466ff5-6d9f-4d86-a7b8-90d4e3d43404/youtube,
https://us.youtubers.me//tv-8399bd4c-042f-49e6-8d8e-b112b316c3c4/youtube,
https://us.youtubers.me//9a7973bb-a14e-42f4-8c7d-b5cb377250f6/youtube,
https://us.youtubers.me//c239abd9-e80a-4722-98be-3c84929270de/youtube,
https://us.youtubers.me//tving-sports/youtube,
https://us.youtubers.me//all-spo/youtube,
https://us.youtubers.me//tv-20e9277c-df66-40b5-9b31-f42d0a13a05f/youtube,
https://us.youtubers.me//taepoong-chon/youtube,
https://us.youtubers.me//tv-roadfc/youtube,
https://us.youtubers.me//tv-3a176bc9-dc6d-46a7-9743-030776336b4e/youtube,
https://us.youtubers.me//tv-ce6b6b14-7d91-4e7f-8319-833f209cb043/youtube,
https://us.youtubers.me//gs-kixx/youtube,
https://us.youtubers.me//a56951ee-c974-43bb-9fcb-908ee6033cfe/youtube,
https://us.youtubers.me//dd1fd0e2-cdfd-4869-abef-e7b55c528e21/youtube,
https://us.youtubers.me//7c931a27-550e-42c7-ab72-9e738e65f7f0/youtube,
https://us.youtubers.me//like_football/youtube,
https://us.youtubers.me//kb-8732df6a-ee82-4ef8-927b-a5253434259f/youtube,
https://us.youtubers.me//0935c481-4484-4057-a599-5030f1723ebc/youtube,
https://us.youtubers.me//shootingstar/youtube,
https://us.youtubers.me//park-s-golf/youtube,
https://us.youtubers.me//jung-pro-s-class/youtube,
https://us.youtubers.me//c9698c12-b42e-4067-8bfd-c17cc1515557/youtube,
https://us.youtubers.me//dfdb510e-aa0f-4314-83f2-022dd591e3c8/youtube,
https://us.youtubers.me//cutie_golftv/youtube,
https://us.youtubers.me//tongtongtv-691ef0f9-4cb6-4b4b-8055-feb894a2f412/youtube,
https://us.youtubers.me//osen-sports/youtube,
https://us.youtubers.me//youtv-8cba1cad-16ba-43e0-a331-6a2648dccde8/youtube,
https://us.youtubers.me//1fbb990b-4a7d-4d37-9cbc-b5e158dc85ab/youtube,
https://us.youtubers.me//pba-tv-billizone/youtube,
https://us.youtubers.me//b29b799e-d36a-41f3-a71b-75d505490925/youtube,
https://us.youtubers.me//tv-95aea11f-e070-4366-8461-3277a0f99b9f/youtube,
https://us.youtubers.me//42fea609-2e16-4613-9b3f-598e1b22eb91/youtube,
https://us.youtubers.me//tv-korea-boxing-channel/youtube,
https://us.youtubers.me//45e9dd3f-fbf2-4eb2-a3d5-0509953aa9f8/youtube,
https://us.youtubers.me//76faf712-42fb-4b61-8068-7d78077cfa63/youtube,
https://us.youtubers.me//7664b397-b8a3-411a-8fcf-68c537621a5a/youtube,
https://us.youtubers.me//tv-92e36c3f-c9e4-4edc-a408-c743708bcb49/youtube,
https://us.youtubers.me//mlbtv/youtube,
https://us.youtubers.me//tv-8dbb8b9c-9344-4c51-baf0-7339bac0dae4/youtube,
https://us.youtubers.me//9594e66b-a09d-4708-826e-ab51ea00fe93/youtube,
https://us.youtubers.me//a935c0e2-60f4-4c33-b8fe-70c776578cc8/youtube,
https://us.youtubers.me//tv-7ee681fa-fc7d-4355-8272-47227eef770f/youtube,
https://us.youtubers.me//d389ee11-067c-4b97-a23e-adc8014b3e0f/youtube,
https://us.youtubers.me//680db57c-55aa-4fb4-a6d1-eaeba19a66fa/youtube,
https://us.youtubers.me//3de414f1-b20f-4401-ad95-2e01ac6831fe/youtube,
https://us.youtubers.me//13245906-77b2-47e1-80ca-40bdbe082305/youtube,
https://us.youtubers.me//d6e9cb5e-a5bf-4ab6-9ce4-8facd8c2dec0/youtube,
https://us.youtubers.me//football-park/youtube,
https://us.youtubers.me//tv-79d6ee23-4208-428f-927c-a8422ac69ff7/youtube,
https://us.youtubers.me//megi-70df1be4-059d-4e4f-ac39-055bc90332fb/youtube,
https://us.youtubers.me//jtbc3-fox-sports/youtube,
https://us.youtubers.me//football-trip/youtube,
https://us.youtubers.me//f4ce2c17-b088-482c-9284-c3c941a5a8b9/youtube,
https://us.youtubers.me//simple-golf-lesson/youtube,
https://us.youtubers.me//kyokushinkarate/youtube,
https://us.youtubers.me//e124f84d-59d5-4a9a-aedc-6b5c0470923a/youtube,
https://us.youtubers.me//tv-11bcddc5-2f76-4b31-a1ce-919f9f9b523f/youtube,
https://us.youtubers.me//a40291a9-55e1-4ca4-b2ed-98bf158a4501/youtube,
https://us.youtubers.me//tv-c7776ea5-c355-4224-8651-2781f43bf773/youtube,
https://us.youtubers.me//c494ded5-75b2-45e8-a5d4-69715010d2c3/youtube,
https://us.youtubers.me//record-sports/youtube,
https://us.youtubers.me//969e4e30-b00e-45b3-884d-6fc7de6ba895/youtube,
https://us.youtubers.me//7f2f0cc3-292e-4c0f-87a3-1c3db1fc55aa/youtube,
https://us.youtubers.me//bicycle101/youtube,
https://us.youtubers.me//02b2d3c8-23e0-4c98-b78d-bfd2580f7b2e/youtube,
https://us.youtubers.me//ttnuri/youtube,
https://us.youtubers.me//6cebba05-beb6-49b5-b2f5-b812eea6a654/youtube,
https://us.youtubers.me//fc-c6d87c35-3841-4573-a120-beedc934f1f0/youtube,
https://us.youtubers.me//ab79d38c-402a-4f33-9a0c-10bd56b21123/youtube,
https://us.youtubers.me//0584e767-d83b-4cee-8738-9a451d8c692e/youtube,
https://us.youtubers.me//theworldgame/youtube,
https://us.youtubers.me//goat-738d39af-018e-4677-9590-7b11d85224df/youtube,
https://us.youtubers.me//192a29a8-b0a6-4d6c-81e5-58235277cb93/youtube,
https://us.youtubers.me//bc114043-fe0f-4002-97c0-797b5f80b6b1/youtube,
https://us.youtubers.me//9d86be58-da4a-4c92-82c4-3137322572e2/youtube,
https://us.youtubers.me//awesome-golf/youtube,
https://us.youtubers.me//jinho-huh/youtube,
https://us.youtubers.me//x-acd5c5a7-68af-42e3-81be-0225d99adc7d/youtube,
https://us.youtubers.me//c-8dd018a1-c5da-415f-a9a6-b38dd881d41d/youtube,
https://us.youtubers.me//52cc1623-75f1-40a6-863c-19514a3faae8/youtube,
https://us.youtubers.me//2353de04-bb8d-499e-b670-3e04907d4fd2/youtube,
https://us.youtubers.me//3b2c753b-a57c-4eda-82af-49dd7820db1d/youtube,
https://us.youtubers.me//dd77e277-f5c1-468e-9e90-da56021d3a79/youtube,
https://us.youtubers.me//by-bd673044-386e-4663-abac-2f4ee073227c/youtube,
https://us.youtubers.me//f2-futbol/youtube,
https://us.youtubers.me//tv-a37f8a49-63a5-4830-b76c-c664e462ae7c/youtube,
https://us.youtubers.me//sportsclassic/youtube,
https://us.youtubers.me//84-694b6306-37fd-4351-bc25-265682f4d2b6/youtube,
https://us.youtubers.me//7a93ad9f-da50-4043-8646-336cbc70933b/youtube,
https://us.youtubers.me//tv-bcc167a2-3076-4d25-882d-bb61a801d0f5/youtube,
https://us.youtubers.me//football-fan-s/youtube,
https://us.youtubers.me//598725f9-3757-4a4e-88cf-a0156fda038d/youtube,
https://us.youtubers.me//fc-jeju-united-fc/youtube,
https://us.youtubers.me//lpga-korea/youtube,
https://us.youtubers.me//6ab021b5-e427-4206-ad2d-8a3c6070c44c/youtube,
https://us.youtubers.me//528a0035-57a5-43cb-89d1-0ce0cc4fe378/youtube,
https://us.youtubers.me//69a77ec8-b34d-4583-85f5-db9a2adb01cd/youtube,
https://us.youtubers.me//rank5/youtube,
https://us.youtubers.me//8c1947a7-3c09-4204-b622-f377d53f02f7/youtube,
https://us.youtubers.me//ai-5b35f200-b3dd-4ca5-b2b0-af9b0cf92d32/youtube,
https://us.youtubers.me//2b033a78-203a-4b41-a83d-b205f07406b0/youtube,
https://us.youtubers.me//0c48188f-d7f2-415e-98aa-dcb8028e38be/youtube,
https://us.youtubers.me//87897572-fc24-45d4-8403-1e0d1e61eb64/youtube,
https://us.youtubers.me//6a0fee3c-1faa-4205-962b-e9c6363dc304/youtube,
https://us.youtubers.me//kfatv_live/youtube,
https://us.youtubers.me//0f5b2d61-6f8d-4c16-a212-ce256774421d/youtube,
https://us.youtubers.me//63677590-91cd-4826-9113-833d6c7e9418/youtube,
https://us.youtubers.me//tv-8efcf6ed-c4aa-47b0-a952-5c213e34ee6b/youtube,
https://us.youtubers.me//1f26e565-0d67-4af0-869b-074f07bd19bd/youtube,
https://us.youtubers.me//k-2ac0d474-ad4d-4f9d-8fdc-b412dc3efeeb/youtube,
https://us.youtubers.me//football_dragon/youtube,
https://us.youtubers.me//8455fb06-db00-4496-9579-5705df37b8d6/youtube,
https://us.youtubers.me//soccer-king/youtube,
https://us.youtubers.me//8tongolf/youtube,
https://us.youtubers.me//b8d9714c-63b4-4ad2-895c-8dc991ab3c15/youtube,
https://us.youtubers.me//tv-1234/youtube,
https://us.youtubers.me//tv-30c2d419-3528-47e8-bd79-0ca7f9203a55/youtube,
https://us.youtubers.me//fb851da0-f1f8-4119-b8db-3d9d6d2ea9c2/youtube,
https://us.youtubers.me//48977bfe-4cd0-47c0-ac6e-402446b68410/youtube,
https://us.youtubers.me//baseball-genius/youtube,
https://us.youtubers.me//42b5eccc-827c-4d46-ab00-68c7bb335a07/youtube,
https://us.youtubers.me//boreum/youtube,
https://us.youtubers.me//tv-510cc35c-6a16-4c4c-adaf-a33c10cf59da/youtube,
https://us.youtubers.me//d601669e-e755-4f59-8b11-3098ab1f31ac/youtube,
https://us.youtubers.me//349428de-f39e-4aa2-9b12-5c640075be5f/youtube,
https://us.youtubers.me//538d7518-5e1d-4879-85d5-610eea879249/youtube,
https://us.youtubers.me//8c73a85c-52ad-4e5d-b6aa-5876a55f7772/youtube,
https://us.youtubers.me//thiago-tv/youtube,
https://us.youtubers.me//ccd58c0e-3c9c-4026-b64f-7c6e75cd4842/youtube,
https://us.youtubers.me//englishiba/youtube,
https://us.youtubers.me//assafootball/youtube,
https://us.youtubers.me//6c6e4a59-5877-45f5-a42d-d6fd0fe19875/youtube,
https://us.youtubers.me//everyday-9415771a-9cdd-4528-8eb9-4b434e105ee3/youtube,
https://us.youtubers.me//tv-mbc-sportsmaniatv/youtube,
https://us.youtubers.me//bb0acf36-18eb-4867-b134-4d62396537a1/youtube,
https://us.youtubers.me//sltv-tv/youtube,
https://us.youtubers.me//poetry-universe/youtube,
https://us.youtubers.me//tv-5eac8faf-b1be-4eea-b10e-fa06fff878ba/youtube,
https://us.youtubers.me//sport-magazine/youtube,
https://us.youtubers.me//93e704af-e06a-4fd4-85ed-c7c24be71607/youtube,
https://us.youtubers.me//1fb45010-a874-4e82-84b5-688f33735005/youtube,
https://us.youtubers.me//13699f98-dbb9-4cfa-8958-bc098b8a258c/youtube,
https://us.youtubers.me//mma-mma-math/youtube,
https://us.youtubers.me//tina-so-tina/youtube,
https://us.youtubers.me//trt-ufc-reaction/youtube,
https://us.youtubers.me//gnk-core/youtube,
https://us.youtubers.me//ef1185d4-4338-493d-8061-ddf1c8331595/youtube,
https://us.youtubers.me//box-81571ea5-63de-436e-a64f-c54bdac88d48/youtube,
https://us.youtubers.me//tv-83fb1282-130d-4550-8f01-4700077bc0a6/youtube,
https://us.youtubers.me//df43e3b0-5d20-4165-931d-23f55f755421/youtube,
https://us.youtubers.me//49a5f689-d3ef-4dc9-b347-2186577314cd/youtube,
https://us.youtubers.me//jk-4b3a4d42-f881-407d-a672-7b9f1d4c18cb/youtube,
https://us.youtubers.me//tv-30224e0a-f428-4c53-bff4-6788db0006df/youtube,
https://us.youtubers.me//64676142-0b96-485d-b8de-524005237930/youtube,
https://us.youtubers.me//tv-8143a85e-0e14-4cde-9639-ebeae7d45cb7/youtube,
https://us.youtubers.me//footballonside/youtube,
https://us.youtubers.me//1a6bd614-fe0c-4412-87bb-6765d594524a/youtube,
https://us.youtubers.me//golf-box/youtube,
https://us.youtubers.me//ec5ae4b2-44d3-4e07-9ddf-42073025cbbe/youtube,
https://us.youtubers.me//08df19ef-d231-4b11-90ed-949cef9e0f9c/youtube,
https://us.youtubers.me//e8b1f273-2c77-4629-9f3d-454ea0cc1180/youtube,
https://us.youtubers.me//jadeok-girl/youtube,
https://us.youtubers.me//c19d64a0-4744-4627-94a3-aea36f9cc9df/youtube,
https://us.youtubers.me//starview/youtube,
https://us.youtubers.me//251a6a48-9ed5-488f-9498-b9387827f6bb/youtube,
https://us.youtubers.me//d28e9335-d9bc-4fe1-9b42-b0fef79c91ca/youtube,
https://us.youtubers.me//sports-angel/youtube,
https://us.youtubers.me//e8e2d3c7-18f4-472b-aad8-a8f98a0d8508/youtube,
https://us.youtubers.me//fe-4899744a-ce62-40d8-be17-a94f485a5dc9/youtube,
https://us.youtubers.me//3702e67d-8b46-4a3c-9fa0-3967375241a2/youtube,
https://us.youtubers.me//9c8c8f6a-29ff-433f-bb14-fda92e47fe87/youtube,
https://us.youtubers.me//34e57303-0467-4b4b-a2cd-c31cd76ea078/youtube,
https://us.youtubers.me//2337d197-5413-4e89-9f15-72ba05471eb2/youtube,
https://us.youtubers.me//530b1436-d2c0-4506-a298-a3883377ec31/youtube,
https://us.youtubers.me//tk52/youtube,
https://us.youtubers.me//202a8728-9a1f-4c0c-93b8-c25b18a85e9b/youtube,
https://us.youtubers.me//25389342-ecfe-4812-8fb2-e7d39af06fae/youtube,
https://us.youtubers.me//5c74c12e-192e-4d32-b9c2-d6cb0a7e6aa8/youtube,
https://us.youtubers.me//01fd93a3-188d-4471-ba7a-a7ff48cac359/youtube,
https://us.youtubers.me//190980b3-fe07-419e-9492-be7f7331879e/youtube,
https://us.youtubers.me//tv-91f35a91-efe6-45da-968b-82414d07feb9/youtube,
https://us.youtubers.me//topik/youtube,
https://us.youtubers.me//fc-6a1c946b-06c8-43b2-9cbc-c258268f8e34/youtube,
https://us.youtubers.me//c2e114f4-a746-4f39-a2b9-9436c2e3a9d6/youtube,
https://us.youtubers.me//99ee81ff-05c2-4f9b-b148-f68ddc87f495/youtube,
https://us.youtubers.me//0ac8ebab-8915-4cf5-8cad-56bfc3f59d3b/youtube,
https://us.youtubers.me//ee3147b8-62ad-457e-b844-e406c0a5b8ce/youtube,
https://us.youtubers.me//2d21b07a-e254-4d96-9428-df25c4048ec0/youtube,
https://us.youtubers.me//yuna-story/youtube,
https://us.youtubers.me//soccer-f-y-factory/youtube,
https://us.youtubers.me//seolsport/youtube,
https://us.youtubers.me//tv-23fa84ff-47ce-4d76-b34e-edc5197338a4/youtube,
https://us.youtubers.me//07c02163-69e5-480b-a69d-fcac97f4fe73/youtube,
https://us.youtubers.me//bf03e6cf-189e-47c7-a0b4-b7b81cb76ae9/youtube,
https://us.youtubers.me//tv-d806e5dd-c3ef-4487-b5e3-79b23696f52f/youtube,
https://us.youtubers.me//10477e6d-5d98-4e4c-b195-39ca71b698f6/youtube,
https://us.youtubers.me//7e01af3e-7d2c-4bf0-8eba-aac28ad96ca0/youtube,
https://us.youtubers.me//a588bf19-f2f1-4f14-88df-12765ca3dad4/youtube,
https://us.youtubers.me//_ohmyplay/youtube,
https://us.youtubers.me//golf-moment/youtube,
https://us.youtubers.me//cue-sign/youtube,
https://us.youtubers.me//tv-b1b13722-5f65-4739-b9e4-28a54d114cff/youtube,
https://us.youtubers.me//tv-06fdb1b2-5b01-4209-8103-b2b9fbd5fcdc/youtube,
https://us.youtubers.me//_unilab/youtube,
https://us.youtubers.me//50-tv/youtube,
https://us.youtubers.me//60ef86b9-3e62-4aa6-8a72-e6d92eb34ffd/youtube,
https://us.youtubers.me//team-glee/youtube,
https://us.youtubers.me//62e54c34-7e4d-4b4e-a400-9d31b749b897/youtube,
https://us.youtubers.me//06f2fe48-707a-4982-a2bc-48f728a99f91/youtube,
https://us.youtubers.me//_hipboss/youtube,
https://us.youtubers.me//v-p_skilab/youtube,
https://us.youtubers.me//crazyslalom/youtube,
https://us.youtubers.me//tv-972d2bce-7e39-41ff-80e3-0c1ad73e1543/youtube,
https://us.youtubers.me//sports-review/youtube,
https://us.youtubers.me//mulder/youtube,
https://us.youtubers.me//forrest-h-l/youtube,
https://us.youtubers.me//9040b60a-c243-4066-ac61-26c5fa7121f9/youtube,
https://us.youtubers.me//golf-girl/youtube,
https://us.youtubers.me//fd3e2b59-8c5d-437e-bf8b-3d88c0e88273/youtube,
https://us.youtubers.me//tbs-sports/youtube,
https://us.youtubers.me//cha-jun-hwan/youtube,
https://us.youtubers.me//023dbfca-26f5-4803-8b14-fa67865d285c/youtube,
https://us.youtubers.me//football-world-the/youtube,
https://us.youtubers.me//mingu-ji/youtube,
https://us.youtubers.me//utb-unzuny/youtube,
https://us.youtubers.me//4ed6d0c4-6405-47c5-a68c-fc2f9bab779c/youtube,
https://us.youtubers.me//_suhluv/youtube,
https://us.youtubers.me//db7f348c-b709-4c4c-afee-bd0ec142de1c/youtube,
https://us.youtubers.me//hd-50ac36bf-10ff-45f4-9362-1263491edbb3/youtube,
https://us.youtubers.me//fc2e28bc-c547-4b7d-99bb-2afdd63175c5/youtube,
https://us.youtubers.me//overall-0e98aeef-a4e1-4564-a79a-a470d342b0cf/youtube,
https://us.youtubers.me//bbf0e7a3-4237-4e61-a988-2e54ad482674/youtube,
https://us.youtubers.me//e0f7f224-5c68-483b-bf59-b1d5aea2131d/youtube,
https://us.youtubers.me//abed30b2-9a9a-4fb1-8f92-dec84b95f51b/youtube,
https://us.youtubers.me//all-scouter/youtube,
https://us.youtubers.me//5084bf32-42a8-4d48-9b6c-de3f858050f7/youtube,
https://us.youtubers.me//queenyuna-story/youtube,
https://us.youtubers.me//powerlifting-mania/youtube,
https://us.youtubers.me//swic/youtube,
https://us.youtubers.me//tv-f839e848-ee0e-4bb6-907c-c64f5958acc2/youtube,
https://us.youtubers.me//98eaa309-c5c1-4492-9a33-d3c24b79b1e4/youtube,
https://us.youtubers.me//0d214dd5-8ecd-4f3e-a0ee-b5068587baf9/youtube,
https://us.youtubers.me//rcbetatest/youtube,
https://us.youtubers.me//1680ebb3-7976-4609-be86-218f7f1b44ff/youtube,
https://us.youtubers.me//jay-dy/youtube,
https://us.youtubers.me//jpg/youtube,
https://us.youtubers.me//k-homerun-club/youtube,
https://us.youtubers.me//963a2b7d-50b8-49bb-9b4e-eea7c7ba9c0b/youtube,
https://us.youtubers.me//5eac0499-c049-41a2-8479-8b4fb94554c9/youtube,
https://us.youtubers.me//ahn-hee-wook/youtube,
https://us.youtubers.me//home-workout-jamiet/youtube,
https://us.youtubers.me//angkor-kunkhmerll/youtube,
https://us.youtubers.me//redflo3er_studio/youtube,
https://us.youtubers.me//4cc374d4-ef81-4b52-acdc-29602b7a30ae/youtube,
https://us.youtubers.me//98f0ec98-cec6-4d30-9982-a0aa47c6f441/youtube,
https://us.youtubers.me//546825fe-fdc2-4ab4-b6fd-8ec90ee274d6/youtube,
https://us.youtubers.me//pongdangman/youtube,
https://us.youtubers.me//g-love/youtube,
https://us.youtubers.me//5b8e6a44-e11e-4e2e-ae11-3d28a4c049be/youtube,
https://us.youtubers.me//gaebba/youtube,
https://us.youtubers.me//jinoboxer/youtube,
https://us.youtubers.me//eric-shin/youtube,
https://us.youtubers.me//tv-adac4a8e-2168-4473-ad9e-f056fc2089b9/youtube,
https://us.youtubers.me//fdd13c5b-1a77-4919-a9db-7e69649562bd/youtube,
https://us.youtubers.me//6d716b16-c5a7-40f9-87d7-5a4f0b76f337/youtube,
https://us.youtubers.me//9239d36a-6cc9-4119-baa8-da553d9fc81b/youtube,
https://us.youtubers.me//65657ce9-3611-4e26-ba80-9bb8f0669b75/youtube,
https://us.youtubers.me//gl-youtube/youtube,
https://us.youtubers.me//4b55515e-0368-4a5c-9413-e72e254193da/youtube,
https://us.youtubers.me//sk/youtube,
https://us.youtubers.me//lol-pro-stream-highlights-lps/youtube,
https://us.youtubers.me//jane-asmr/youtube,
https://us.youtubers.me//ox_zung-official-tiktok/youtube,
